post_id,text,label
M.1744994973.A.244,"進度表 抓 現在 敢 跳出來 死 怎嚜 怕 寒蟬 效應 沒 聽 
 
 先 抓 政敵 政治 人物 組織 領導 敵國 相關 人士 陸配 
 
 抓 學者 作家 意見 領袖 
 
 以權謀私 抓 有錢人 
 
 最後 抓 網友 一般人 根本 不會 報 台灣人 終於 團結 太 棒 辣 愛 台灣 喔 台灣 價值 台灣 蘭趴 萬 

 
 種 抓 過程 流程 好像 精準 詞 


--",
M.1745033746.A.2D6,"懷孕 肚子 走 路 
 全 世界 知道 套 射 
 
 看到 想像 插入 
 想像 淫叫聲 
 想像 床 淫蕩 呻吟 
 想像 陰道 流出 精液 樣子 
 
 台女 覺得 羞恥 
 等於 宣告 全 世界 射 
 八卦 

--",
M.1745015630.A.B2D,"韓語   台語 客家話 一半     潮汕話 高度 相似 
 潮汕話 中國 方言 裡   接近 韓語 
 
 講 台語   後面 隨便 加 伊  司  xx SAY YO    幾乎 等於 講 韓語 
 韓國 現今 使用 語言 大約 七成 中文 演變 高度 保留 唐朝 中原 古音 
 韓文詞 聽起來 差 遠 　 　 其實 中文 演變 　 
 等一下 　 　 禪西滿優 　 滿優 語助詞 　 禪 西接 類似 中原 古音 暫時 
 
 北韓 語言 接近 台語     南韓 不少 變音 
 李   二     北韓 念  Li   南韓 發音 少掉  L 音 

 
 韓語 應該 保留 早期 交流 頻繁 唐朝 古音 ． 
 大約 古代 河南 洛陽人 使用 語言 
 閩南語 河洛話   韓文 相似 間接 證明 
 閩南語 一定 程度 接近 唐朝 首都 河南 洛陽 使用 語言 
 洛陽 現今 使用 方言 天差地遠 
 主要 應該 朝代 亡國 以後     東南 流竄 福建 南部 廣東省 
 位 網友 　 　 閔南 一帶 山區 　 較為 封閉 　 中原 古音 大幅度 保留 
 現今 中文 知道 清朝 使用 滿族語 　 接近 大多 中國 北方 方言 
 韓文 天差地遠 

--",
M.1745038485.A.8FE,"飯糰店 張姓 老闆娘 表示 租屋 契約 簽 3 現在 1 左右 房東 三月份 
 表達 希望 收回 店面 自行 經營 意願 女 房東 家 店 生意 能夠 
 房子 地點 努力 離開",
M.1744959472.A.525,"向來 氣象 新聞 正妹圖 
 
 剛剛 點進去 想要 正妹 
 
 圖 怪怪 故意 p圖",
M.1745030545.A.7DF,"韓文 中文 難 ? ???????????????? 
 李多慧 學 快 ????????????????? 
 
 韓國 兩 全 程 講 韓文 ? ??????????? 
 全 程 中文 
 
 ...

 聽說 韓文 日文 
 學會 日文 = 幾乎 學會 韓文 
 
 中文 似乎 比較 簡單 ?   比較 好學 
 
 中文 頂多 中文字 寫字 比較 難 
 口 根本 簡單 幾乎 沒 文法 

版 文組 
 
 解釋 韓國人 學習 中文 學習 速度 ...

 掛

--",
M.1744981778.A.A7A,"北  次 提案 會議 完全 搞砸 
 連續 天 沒 睡好   熬夜 改 簡報 提案書 
 同事 準備 完整   考績 肯定 棒 
 進 會議室   主管 刁難 
 簡報 沒 講完 打斷   方向 完全 行不通 
 最後 否決   努力 沒 
 
 本來 想 犒賞 買 台 ps5
 喜歡 遊戲 加入 購物車   算 算 快 15000 
 現在 看到 遊戲 廣告 想到 次 失敗 
 剛才 購物車 全 清空   想 玩 
 算了   心情 糟透   錢 問題 
 週 聚餐 取消   心情 
 

--",
M.1744969665.A.142,"沒 搞懂 山道猴 
 
 賽道 先 北部 車 送到 麗寶 
 賽道 前 檢查 噪音   超過 上限 不能 賽道 
 山道猴 愛 改 炸 街管 打槍 
 
 全 身 防摔衣 手套 鞋子 全罩帽 不能 少 
 防護 裝備 沒 穿 齊全 不能 上場 
 山道猴 馬 戴 四分之三 街 胚 
 肯 戴 全 罩 + 手套 稀有 
 
 最後 重點 
 山道猴 山道猴 山 找 交配 對象 ! ! ! 
 山 求偶 場所   拍 追焦照 砲哥 拍 美美 追焦照 
 照片 妹仔 交配 
 交配完 陣子 妹仔 騎 杜卡迪 正多金alpha男 走 之後 
 山胚車 壓 車 抒發 NTR 痛苦 之餘 順便 拍 追焦照 
 找 妹  完成 Life    cycle~ OH~ Amazing~

 賽車場 攝影   錢 
 山道 砲哥 拍 興趣 不會 收錢 
 遇到 稀有 女 追焦手 機會 停下來 虧 妹  根本 賺爛 
 
 講完 上面 串 窮 
 最少 錢 獲得 快樂 關注 
 真的 有錢 需要 山道 猴子 ...

--",
M.1745034980.A.C9D,演,
M.1744983826.A.F53,"覺得 現在 時代 時刻 
 
 從事 項目",
M.1745031607.A.C08,"餓死 抬頭 

1.  需要 拘票 搜索票 先 地檢署 泡茶 質疑 自願 配合 

2.  地檢署 之後 胡扯 A案 B案 混 在一起 問 

3.  問到 煩 問 累 出現 破綻 聲請 羈押 

4.  羈押 成功 連續 n 配合 媒體 潑屎 羈押 失敗 無限 抗告 不行 關 錄影 逼 
 供 

5. 最後 實在 找 證據 威脅 公開 硬碟 av 人社死 

6.
 有罪 判決 榮升 高檢署 高 檢察署 無罪 釋放 繼續 檢察官 物色 目標 


 問 筆 生意 穩 賺 賠 
 


 乾五 八卦 

--",
M.1745031594.A.B36,:,
M.1745005015.A.C4D,"看到 日本人 台灣 台北 東區 租金 太 高 倒 不少 現在 SOGO 收 今年 
 年底 閉關 
 
 台北 短短 條 街 好幾 家 百貨公司 真 懷疑 真 那麼多 人口 消費 東西 撐
 
 
 
 台中 新光三越 家 全 台 店王 開 家 台中 爆 沒 台北 高雄 
麼多 家 想 比較 賺 台中 家 
 
 台中 SOGO 打算 開 第二 家 政府 配合 造鎮 蠻 討厭 全 台灣 台北 市中 
心 地方 都會區 外 
 
 明顯 土地 便宜 建商 官員 有利可圖 市中心 蓋",
M.1745040428.A.F63,☺☺☺ 題 好奇 問 一下,
M.1744993376.A.0AA,"影片 真的 扯 耶 直接 上銬 帶走 警總 

 復辟 拘提 發 拘票 銬走 
 
 搞 現行犯 逮捕 方式 徐 沒 
 
 文件 暴力 帶走 真的 蠻 爽 

--",
M.1745040736.A.011,"題 
 
 想 請問 一下 
 
 罹患 思覺 失調 症 
 
 服用 藥物 
 
 吃 段 時間 
 
 吃 兩 天 有效 ? 

--",
M.1745040005.A.FDE,"今天 看到 老婆 
 依然 十 感動 
 
 有點點 稍微 胖 
 覺得",
M.1744983158.A.99B,:,
M.1745031839.A.39E,"黃呂錦茹 無保 請回   黃國昌 : 推動 司改   竟 淪 執政 打壓 異己 工具 

2025-04-19 10:51 
 聯合報 ／   記者   張曼蘋 ／ 台北 即時 報導",
M.1744966826.A.50C,"2002年 伊拉克 入侵 戰 
 
 聯合國 聯軍 拿下 伊拉克 
 
 逼迫 養出來 伊拉克 政府 簽 平等 礦場 條約 
 
 聽說 烏克蘭 現在 簽 賣 礦產 條約 
 
 外國 資本 家 挖 礦 
 
 礦 

 垃圾 
 
 挖到 資源 


 20 前 伊拉克 簽 
 
 現在 伊拉克人 
 
 昨日 伊拉克   今日 烏克蘭   明日 




----- 
 Sent  from JPTT  on  my  iPhone 

--",
M.1744999148.A.D8F,"之前   發文 討論 阿
 
 台灣 警察 穿透力 高 9 mm   標準彈 吼    制止力 本來 想像 高 
 
 常常   狩獵   防衛用   中空彈   平頭彈   打到 開花  用   海洛因 
 嗎啡   強效 止痛藥   當下 痛 直接 動不了 
 
 種 子彈 缺點 打到 失血     清創 困難 ..

 喔   喔   標準彈   打到 軀幹   蠻 容易 直接 肺葉 打穿 
 
 標準彈 開花彈 手槍 本來 高機率 致死 武器 想 使用 高 機率 
 致死 武器 應該 配   泰瑟槍 



--",
M.1744992078.A.0B2,"有救 阿
 
 花錢 作 雷射 
 
 出 油 分泌 油脂 皮脂腺 細胞 太 活躍 
 
 雷射 次 

 油 基本 太 
 
 療程 好像 次 
 
 費用 大概 2萬 
 
 基本 脫離 吃 藥 A酸 控制 
 
 油 

 次 雷射 
 
--",
M.1745036157.A.44D,"聯合 

 母娘 文化館 揭牌 拉 布幕   賴清德 當場 蓋頭 點炮 嚇一跳 
 
2025 -04-19 12:07   聯合報 ／   記者 楊正海 ／ 台北 即時 報導 
 
 賴清德 總統 上午 參加 2025年 台北 母娘 文化季 繞境 嘉年華 台北市長 蔣萬安 台 扶鸞 
駕 繞境 儀式 抬轎 起駕 前 兩 一同 參加 母娘 文化館 落成 啟用 舉行 揭牌 儀式 過程 發
生 貴賓 拉下 布幕 瞬間 直接 蓋到 賴清德 內政部長 劉世芳 頭 賴清德 急忙 手 撥開 
 引起 虛驚 
 
 賴 總統 致詞 表示 松山 慈惠堂 5 60 信仰 中心 公益 化身 提到 蔣萬
安 慈惠堂 幫忙 台北市 政府 公益 慈惠堂 幫忙 台北市 行善 全 台灣 台北市 送救 
護車 富康 巴士 80多 台 當年 台南 地震 堂主 公開 呼籲 各界 協助 台南市 度過 難關 
 當時 台南 市長 永遠 記 心 裡 
 
 上午 揭牌 外 舉行 米龍 開光 儀式 賴 總統 欽點 米龍 之後 兩 貴賓室 等待 參加 扶鸞
 起駕 繞境 儀式 上午 10時 25分 準時 廣場 起駕 賴清德 蔣萬安 一同 扶 轎 放 馬砲
 點燃 聲 轟然 巨響 賴清德 嚇到 次 眉頭 緊 皺 在場 跳",
M.1745041693.A.345,"希望 不會 走到 步 


 明明 烏克蘭 想要 停戰 
 
 變成 川普 負責 
 
 路 看到 吉娃娃 比特犬 咬住 
 
 伸手   吉娃娃 指揮 救 
 
 美國人 下去 
 
 到底 溺水 搞 清楚 
 
 烏東俄裔 總有一天 死完 
 
 烏西烏 語區 夜店 韭菜 
 
 天 專業版  1:7 戰報 
 
 笑死 川迷 


--",
M.1745027011.A.F70,"波 北檢 抗議 
 
 看到 件 事 
 
1 . 蔣萬安 朱立倫 國民黨 主席 
 
2 . 看到 國民黨 很多 衝組 民代 
 
 羅智強 徐巧芯 王鴻薇 不用 講 
 
 議員 李明賢 游淑慧 鍾沛君 柳

 采葳 張斯綱 李柏毅 衝組 

 印象 深 李明賢",
M.1744993340.A.FD3,"以前 聽 名詞 
 
 叫作 民主 開箱 
 
 聽說 政治 公開   赤裸裸 看到 運作 
 
 聽起來 公正   中立 
 
 其實 平時 忙 
 沒 看過 真的 所謂 民主 開箱 
 
 看過   研究 
 真的 厲害 
 
--",
M.1745022163.A.9F8,"兩蔣 總統 獨裁 
 岩里政男 總統 獨裁 
 唯一 兩 少數 總統 陳水扁 獨裁 總統 
 兩 完全 執政 馬英九 獨裁 總統 
 兩 完全 執政 蔡英文 獨裁 總統 
 現任 少數 總統 賴清 史 獨裁 總統 
 
 臺灣 有史以來 獨裁 政體 
 臺灣 民主 笑話 
 
 
 臺灣 不配 擁有 民主 
 從來 民主 
 
 臺灣史 唯一 人民 放 心 裡面 
 獨裁 政權 抓去 土城 
 
--",
M.1744985140.A.4CF,"以前 女生 家 裡   房間 空   沒 東西   感覺 無聊 樣子 
 其實 知道 之前   丟 堆 東西   藏 藏 起來   空   男生 
 房間 東西   亂   清掉 家 裡 空   沒 東西 適合 家 
 實用性 高 質感 ? 好像 現在 智能 家居   掛鐘 擺來擺去 種 

--

--",
M.1744981662.A.BBD,"以前 薪水 3-4萬 
 現在 薪水 3-4萬 
 以前 雞排 賣 35 元 
 租金 便宜 時薪 低 雞肉 便宜 
 八卦 

--",
M.1744960035.A.1E5,"馬來西亞 吉隆坡 

 馬來文 Kuala  Lumpur 

 發音 瓜拉隆坡 
 
 吉隆坡 吉 開頭 
 
 沒 八卦 

--",
M.1744963364.A.51A,"備註 放 後面   違 新聞 文章 刪除 

1. 媒體 來源 : 
 聯合報 


2. 記者 署名 : 

 聯合報 ／  記者   張曼蘋 ／ 台北 即時 報導 


3. 完整 新聞 標題 : 

 白 提 重啟 核三 國內 移轉 投票 兩 公投   立院 交 黨團 協商 

4. 完整 新聞 內文 : 
 
 立法院 召開 院會 民眾黨 立院 黨團 拋出 兩 公投 提案 重啟 核三 落實 移轉 投票 
 法制化 引發 朝野 激烈 交鋒 最終 兩 公投 藍 白 人數 表決 優勢 順利 逕付 二讀 立
法院長 韓國瑜 表示 交由 民眾 黨團 負責 召集 黨團 協商 
 
 民眾 黨團 重啟 核三 公投 主文 同意 第三 核能 發電廠 整體 安全 評估 恢
 復 繼續 運轉 提案 說明 指出 台電 核三廠 號機 除役 台灣 核電 機組 運轉 完全 停 
 止 開發 新 能源 成效 不彰 光電 弊案 層出不窮 台電 購 電 成本 高 導致 巨幅 虧損 難 平 
 維繫 產業 供電 民生 用電 平穩 強化 能源 供應 韌性 輔助 能源 轉型 擬具 公投 提案 

 公投 提案 國內 移轉 投票 公投 主文 議題 定為 保障 人民 參政權 同意 政
府 應 2 中華民國 自由 地區 項 選舉 公投 落實 移轉 投票 制度 法制化 提案 
 說明 指出 憲法 賦予 人民 選舉 罷免 創制 複決權 民主 國家 積極 保障 人民 行使 投
票權 保障 無法 返回 戶籍地 行 投票權 民眾 實有 必要 制定 國內 移轉 投票 相關 法規 
 政府 怠惰 消極 遲遲 處理 擬具 公投 提案 
 
 民眾 黨團 副總召 張啓楷 提案 說明 指出 符合 世界 潮流 國內 民意 重啟 核電 民眾黨 
 次 提出 重啟 核三 公投 全 世界 潮流 返回 核電 美國 日本 南韓 核電 
 民進黨 符合 世界 潮流 民調 對撞 
 
 民進黨 立委 莊瑞雄 怒 批 張啓楷 政客 指出 去年 屏東 荼毒 40 核三廠 1 號機 正式 
 除役 今年 5月 17號 核三廠 2 號機 運作 40 好不容易 盼 除役 國家 公園 好不容 
易 兩 機組 貢獻 40 除役 現在 繼續 良心 屏東人 政客 霸
凌 提案 核廢料 放 民眾黨 立委 家 裡 一起 公投 執政 誓 
死 反對 
 
 民進黨 立委 沈伯洋 民意 這麼多 支持 法律 提案 藍 白 國會 占 多數 提 公
投 政治 操作 修法 工作 交給 全民 立委 民進黨 立委 蘇巧
 慧 兩 法案 修法 民眾黨 推到 人民 身 勞師動眾 站出 
 民眾黨 
 
 民眾黨 立委 劉書彬 沒 提 修法 原因 民進黨 執政 達到 效果 民眾黨 
 盼 透過 直接 民主 處理 民進黨 想 民主 不要 國際 笑話 台灣 

5. 完整 新聞 連結   短網址 不可 YAHOO LINE MSN 轉載 媒體 :",
M.1745025353.A.163,"
 看到 脆 篇 根本 造謠 文 
 講 在籍 投票 法規 
 台派 臨接 死亡 大軍 選票 
 下面 堆 闢謠 民主 封鎖",
M.1744960299.A.3A3,"女 正   女模   奶   簡直 飛機場 
 
 扣 很多 ? 
 
 女人 不見得 奶   不能 奶   至少 C杯   男人 至少 175 CM 


 正妹 貧乳   接受 ?   學姊 正妹 貧乳   皮膚 黑 
 
 身高 高   女生 隻 馬 貧乳 會不會 超級 扣分 ?   正妹 ? 

--
 雲林 支廳 主計 今村平藏  日記 蠻煙瘴雨 日記 書 記述  日 殖  雲林 大屠殺 慘況 
 
 兵 煙 之下 無不盡 成 肉山 血河 良匪 復 未 辨 薰蕕 幾千 房屋 竟 付諸 炬 無數 
 生靈 頃刻 間 成 斬首 台 怨魂 九芎林庄 成為 焦土 村民 血肉 飛散 變作 慘絕人寰 
 地獄 石榴班 海豐崙 殺戮 燒 焰 腥風 捲 煙 陽光 淒然 但見 雲林 斗六 地方 
 殘煙 死灰 未 滅 滿 眸 極其 酸鼻 令 暢然 自失 大有 天柱 折 地維 裂 概 
 
--",
M.1744966892.A.F33,"題 
 
 美國 最近 徵 關稅 國 爭利 
 
 財政部 天下 
 
 台灣 部門 同樣 重要 
 
 掌控 直接 飛天 
 
 沒 卦 

--",
M.1745035201.A.762,"覺得 堆 智障 中國 台灣 
 覺得 習 主席 殘暴 沒 人性 
 
 兩岸 屬 中國 
 中國人 中國人 
 習 主席 愛 民 子 
 
 敢 保證 
 習 主席 有生之年 
 中國 絕對 不會 台灣 
 
 
 前提 搞 台獨 
 
 搞 台獨 
 不用 害怕 擔心 
 
 中國 科技 進步 
 子彈 飛彈 長 眼 台獨 份子 
 
 習 主席 保護 台 中國人 
 
 贊成 反對",
M.1744976143.A.B92,"天 萬博
 剛剛 功課 看看 裡面 吃 
 
 熊熊 發現 捷克 館 評價 高 
 
 　 竟然 賣 刈包 

 份 2600",
M.1744964924.A.02D,"公平 
 飛可 竟然 拿到 麵餃 
 重新 選角 次 
 看起來 T1 下去 
 
 到底 要不要 重選 

--",
M.1745026698.A.E04,"其實 
 
 很多 逃逸 外勞 
 
 蠻 合法 外勞 乖乖 上班 加班 
 
 放假 工地 臨時工 
 
 節省 亂花 錢 寄回 越南 養 妻 小
 
 互相 尊重 
 
 離鄉背井 半 輩子 好過 一點 
 
 很多 外勞 領 台灣人 低 薪水 
 
 
 
 顧 機台 跑 生產線 加工 不會 
 輕鬆 種 工作 
 28 k
 累 
 工地 技術 工作 很多 天 2000 起跳 

 錢 台灣 仲介 扣 筆 
 
 台灣 拼 10-20 
 回 老家 養 3 代 愁 吃 穿 
 
 未來 充滿 希望 
 
 放假 開心 放鬆 



 結論 
 
 台灣 房價 物價 太 高 
 賺 錢 夠 滿足 小確辛
 未來 
 開心 起來 













—————————
 週休 性 專區 安樂死 


-----
Sent  from JPTT  on  my  i Phone 

--",
M.1744992519.A.FF1,"水管 推薦 

 機車   種 亂鑽   路 亂停 
 
 整 路 喇叭 停   台灣 早 拉下來",
M.1745018280.A.356,"去年 柯 抓 
 朱 主席 勿枉勿縱 
 打算 觀望 
 真 意見 
 畢竟 黨 
 其實 很多 民眾黨 支持 心 裡 疑慮 
 後來 鏡檢 潑 糞 發 
 找 金流 證據 瞎編 胡搞 
 當時 國民黨 少 部份 委員 柯p 發聲 
 然 國民黨 中央 噤聲 
 任由 綠媒 一起 造謠 
 相信 國民黨 明白 
 老百姓 看懂 
 國民黨 懂 
 禽獸党 司法 工具 政治 追殺 
 "" 今日 柯文哲 明日 "" 
 當時 亂 喊 
 今天 通通 實現 
 
 朱 主席 欠 柯文哲 道歉 
 迫害 
 正義 站出來 
 選舉 恩怨 記恨 知道 
 社會 公義 面前 發出 正義 聲 需要 遲疑 
 而今 大義 
 願意 放下 身段 柯文哲 道歉 公道 
 相信 426 真正 爆場 時刻 
 消除 民眾黨 支持 不平 
 願意 
 
 罷免 禽獸党 佔優 
 朱 主席 真的 知道 
 心 裡 知道 
 民眾黨 支持 擔心 全面 支持 
 國民黨 席次 增加 
 不用 甩 民眾黨 關鍵 席次 
 傻瓜 
 媒體 民調 民眾黨 低 
 或許 369萬 支持 未必 散 
 轉為 隱性 表態 
 藍 白 支持 討厭 禽獸党 
 屬性 真的 差 
 不見得 西 瓜 偎 支持 
 說到底 公義 面前 
 擔心 國民黨 黨 私 算計 
 討厭 禽獸党 60% 
 代表 國民黨 現在 已經 60% 
 
 國民黨 真正 合作 拿出 真正 誠意 
 想 併吞 民眾黨 算計 
 民眾黨 親民黨 
 原本 國民黨 走出來 
 更多 從前 民進黨 現 禽獸党 
 面對 國難 當頭 越 無私 合作 
 藍 白 更加 團結 基礎 
 總 想 黨 獨 
 席次 比例 禮讓 公平 競爭 
 合作 志同道合 別在 貌合神離 
 想要 怒吼 人民 很多 
 表示",
M.1745034865.A.974,"不能 認定 經手 
 不能 推論 
 
 應該 先 羈押 禁見 兩 防止 串供 慢慢 找 證據 
 找 羈押 禁見 兩 
 現在 沒 證據 代表 以後 找 證據 
 
 檢方 擺爛 敢 得罪 國民黨 高層 
 
 支持 應該 抓 朱立倫 證明 朱立倫 知情 
 
--",
M.1745030223.A.FDB,"備註 放 後面   違者 新聞 文章 刪除 

1 . 媒體 來源 :",
M.1744977763.A.C28,"題 
 
 最近 公司 倒帳 導致 股價 暴跌 
 
 想 
 
 敢 準備 倒閉 
 
 查 一下 股價 
 
 
 
 公司 買下來 
 
 筆 帳 變成 超長期 債務 呆帳 
 
 實務 種 事情 
 
 我方便 不用 認列 呆帳   導致 淨值 歸零 
 
 投資方 撤資 
 
 股價 不會 受 影響 
 
 白話文   對面 想 倒閉 
 
 直接 買下來 不准 倒 




-----
Sent  from JPTT on  my  iPhone 

--",
M.1745004822.A.966,"目前 好像 釋憲   說明會 
 
 檢查 程序 問題 
 
 釋字 第342 號 
 
 　 立法院 審議 法律案 須 牴觸 憲法 範圍 自行 訂定 議事 規範 法律案 
 立法院 移送 總統 公布 否 踐行 議事 應 程序 明顯 牴觸 憲法 外 內
部 事項 屬於 議會 自律 原則 應 自行 認定 範圍 並非 釋憲 機關 審查 對象 總統 
 憲法 第七十二 條 規定 立法院 移送 公布 法律 縱有 議事 規範 不符 情形 然 
 形式 既已 存在 應 中央 法規 標準法 第十三 條 規定 發生 效力 法律案 立法 程序 
 調查 事實 即可 認定為 牴觸 憲法 亦即 違反 法律 成立 基本 規定 明顯 重大 瑕疵 
 釋憲 機關 宣告 無效",
M.1744974832.A.D57,"當初 列寧 毛澤東 發起 產 階級 革命 
 
 透過 農村 包圍 城市 人民 戰爭 宣傳 
 
 傳統 黨國 沙俄 權貴 推翻掉 
 
 建立 高度 集中 政治 體制 
 
 黨 組織 控制 國家 社會 
 
 奪 權 治理 國家 兩回事 
 
 共產主義 太 反 人性 導致 生產力 出 問題 
 
 紅色 恐怖 文化大革命 種種 手段 
 
 說明 套 真的 唬弄 人民 根本 奪 權 利器 
 
 反正 拿到 政權 轉彎 行 
 
--",
M.1744975727.A.4A3,"高雄 雙 罷劫 2 領銜人 遭 傳喚   負責人 靜坐 抗議 抓 
2025-04-18  19:18   聯合報 ／  記者 林保光 巫鴻瑋 ／ 高雄 即時 報導 

 高雄 雙 罷劫 行動 2 名 罷免 行動 領銜人 今天 遭 檢調 搜索 傳喚 行動 負責人 徐尚賢 
 高雄 市調處 鳳山 調查站 靜坐 放 傍晚 調查 人員 突然 持 拘票 出門 鳳山 調查站 門口 
 拘捕 


 高雄 雙 罷劫 行動 罷免 綠委 許智傑 黃捷 今天 行動 總部 2 名 領銜人 住處 遭 檢調 搜
索 徐尚賢 下午 高雄 市調處 鳳山 調查站 外 靜坐 要求 放 

 徐尚賢 檢調 違反 個資 偽造 文書 搜索 質疑 符合 比例 原則 民進黨 綠 
色 恐怖 黨國 體制 警總 復辟 


 徐尚賢 原本 打算 調查局 放出 雙 罷劫 領銜人 朱磊 黃晃枝 今天 傍晚 鳳山 調查
站 人員 突然 出門 持 拘票 徐尚賢 宣讀 權利 拘捕 令 錯愕 


 徐尚賢 連忙 支持 錄影 拍照 高 喊 綠色恐怖 支持 一再 高呼 非法 逮捕 
 警調 放 徐尚賢 抵抗 遭 警 調 人員 手銬 強行 推 鳳山 調查站 大門 涉案 內容 
 檢方 查明",
M.1745042479.A.1F7,"露比醬 !   嗨 !   喜歡 ? 

 比起 薄荷 巧克力   喜歡   阿!  娜 !   答 ! 


 綠色 蟾蜍醬 !     嗨 !   喜歡 ? 

 比起 抗 保 台  愛 台灣   喜歡   新 ! 台 ! 幣 ! 


 洗腦 !   最近 首 歌 油   抖音 紅 ?   到底 紅 ? 



 沒 八卦 ? 

--",
M.1745030088.A.898,"udn 

 碧潭堰 魚道 大頭鰱 爆量   學者 外來種 增生 癌細胞 擴散 

  記者 游明煌 ／ 基隆 即時 報導 
 
 新店 碧潭堰 月初 出現 逾 千 尾 大頭鰱 溯 溪 準備 產卵 新北市 水利局 指 新建 人工魚 
道 發揮 功效 顯示 河川 豐富 生態 記者 張策 ／ 攝影 
 
 新店 碧潭堰 月初 出現 逾 千 尾 大頭鰱 溯 溪 引發 民眾 議論 新北市 水利局 指 新建 
 人工 魚道 發揮 功效 河川 豐富 生態 說法 遭 質疑 國立 台灣 海洋 大學 海洋 生物 研究所 陳義
雄 教授 水域 生態 沒 整治好 外來種 大頭鰱 大量 增生 癌細胞 擴散 適得其反 
 
 新北市 水利局 河川 工程 科長 傅光維 日前 碧潭堰 首次 大頭鰱 類 大型 魚種 洄游 
 凸顯 生態 豐富 魚道 發揮 功效 

 台灣 河溪網 協會 中華民國 溪流 環境 協會 中華民國 自然 生態 保育 協會 生態 專業 技術 服
務 商業 同業 公會 發出 共同 聲明 指 魚群 利用 人工 魚道 移動 現象 應 擴大 詮釋為 凸顯 
 生態 豐富 大頭鰱 外來種 利用 人工 魚道 溯 溪 景象 並非 所謂 洄游 產卵 
 

 學者 陳義雄 學術 專業 分析 水利 單位 魚 游 殊不知 引為 亮點 
頭鰱 根本 水產 養殖 引入 外來 魚類 河段 本土 魚類 很少 吳郭魚 為數 高 

 陳義雄 表示 水利 單位 通暢 水域 魚道 原本 好事 樁 錯誤 外來種 移除 水域 生態 
 沒 整治 外來種 等於 增加 癌細胞 擴散 生態 適得其反 

 生態 已經 生病 大幅 打通 任督二脈 之前 先 標靶 治療 去除 外來種 癌細胞 
 避免 擴散 全 身 死 快 陳義雄 建議 農業 保育 單位 介入 下游 外來種 
 淪陷區 先 治病 打通 生態 廊道 

 新店 碧潭堰 月初 出現 逾 千 尾 大頭鰱 溯 溪 準備 產卵 新北市 水利局 指 新建 人工魚 
道 發揮 功效 顯示 河川 豐富 生態 記者 張策 ／ 攝影",
M.1744961263.A.022,"題 
 
 常常 看到 日本 學生妹 

 X 賣淫 
 
 價格 


 為啥 
 
 日本 保守 國家 
 
 沒 卦 
 
--",
M.1744987251.A.B6A,"晚安 
 
 肥宅 家 校園 社會 底層 存在感 

 物種 

 家 父母 兄弟 姊妹 看不起 校園 地位 校狗 低 
 
 社會 聚會 聚餐 肥宅 付錢 苦力活 肥宅 

 唯一 成就感 地方 動漫 了解 
 
 天 肥宅 事業 有成 百億 身價 住在 極致 奢華 

 莊園 身邊 秘書 管家 僕人 司機 無數 出門 勞斯萊
 
斯 穿著 管家服 司機 幫 開 車門 
 
 女生 眼 樣 存在 

 校園 地位 校狗 高 

 社會 女生 無視 
 
 百億 身價 肥宅 依舊 喜歡 動漫 盯 螢幕 科科 笑 
 
 女生 喜歡 肥宅 桃花 

 方面 八卦 

--",
M.1745020181.A.97A,"版 討論 

    中國 古代 數學 輸 脫 褲子 

    突然 想到 

    中國 常 吹   史料 完整   國史 重視 

    其實 古代   沒 發展出 史學 研究 方法論 

    單純 記事   拿來 政治 應用 

     研究 成分 其實 很少 
 

     史學 輸   幾乎 贏得 東西 
 
     沒 八卦 ? ?? 

--",
M.1744995162.A.A36,"餓死 抬頭 
 羈押庭 九點 四十 開 現在 小時 
 相信 北檢 正 磨刀 霍霍 升官 
 等一下 凌晨 一兩點 
 會不會 有幸 看到 北檢 發動 無限 抗告 
 逼 法官 裁定 區區 偽造 文書 罪 羈押 禁見 
 
 乾五 八卦 
 
--",
M.1745025666.A.E49,"肥宅 開 槓桿 
 
 股票 跌 太 慘 繳 出 保證金 
 
 券商 要求 保證 
 

--",
M.1744960487.A.85E,"兩 天 聽聞 以前 學校 附近 麻將館 警察 杯杯 站崗 檢查 
 麻將館 早 很多 地方 相安無事 好幾 
 主要 桌遊店 性質 益智類 交流 場地 
 到底 麻將館 台灣 合法 

--",
M.1744989165.A.FC9,"昨天 知道 幹什麼 
 突然 隻 神明 大腦 浮現 法藏 法師 天堂 天 上
 神明 說話 樣子 
 想 法藏 法師 好人 
 
 1998年 左右 參加 講課 齋戒 學會 
 潛意識 一直 出 問題 好像 地獄 
 2015年 妙通寺 住 兩 現在 天 妖怪 雙修 
 
 覺得 輩子 學佛 好像 沒用 
 地獄 
 
 
 身 好幾 隻 狐狸 喜歡 假扮 雙修 
 狐狸 天堂 事 
 
 狐狸 現在 一下 變 朴英奎 一下 變 法藏 法師 
 丹田 練 

----- 
 Sent  from JPTT  on  my  iPad 

-- 
 發生  ",
M.1744985584.A.A78,"現在 出 油 偷著 樂 
 35 歲 之後   發現 沒 出 油 朋友 
 整 天 擔心 要不要 保養 
 老 速度 像是 下毒咒 
 肥 宅油油 幫 撐住 
 免費 保養品 保護膜 
 
 好好 珍惜",
M.1744999425.A.9FC,"孫 SUN
 整 陽光   搭配 中文名 帥 
 
 想到   Angel  Sun  猜 藝人 兒子 

 掛 

 特別 姓氏 
 台灣人 諧音 梗 無敵 


--",
M.1745031920.A.036,"阿肥 記得 件 事 
 
 繼續 推廣   全民 擁 槍 
 
 擁 槍 人權   天賦 槍權 
 
 人民 擁 槍   怕 條子   槍 拿出來   死 死 
 
 擁 槍 真   條子 擁 槍 自重 
 
 人民 低級 武器 抗衡 
 
 次   天賦 槍權  ",
M.1745039516.A.1C2,"剛剛   海邊 附近 散步 
 
 剛好 一時 尿急 
 
 剛好 海邊 兵營   裡面 士兵 正在 打掃 
 
 聽說 新 隊長 上任 裝 一下 
 
 類 八卦",
M.1745038992.A.45F,"1 . 媒體 來源 : 

 聯合 新聞網 


2. 記者 署名 : 

 李人岳 


3. 完整 新聞 標題 : 

11 機 9 艦 擾 台  艦載 直升機 現蹤 南北 應變區 外 


4. 完整 新聞 內文 : 

 國防部 表示 昨日 清晨 今日 清晨 6時",
M.1744978077.A.4E0,"阿肥 最近 換到 新 公司 

 好多 年輕 可愛 女性 朋友 
 
 有時候 擦上 無法 自拔 香味 
 
 充滿 想像 地方 工作 

 真的 好棒 好棒棒 
 
 
 
 想要 香水 吸引 妹妹 阿肥 同袍 

 不要 抹 香水 
 
 廁所 

 知道 

 加上  XX  味道 

 吼 ~~~~~~~~~ 
 
 知道 幹什麼 

 可不可 阿肥 同袍 不要 摸 香水 

 真的 想 想 馬桶  OO 

 沒 阿肥 抹 香水 八卦 

--",
M.1744961245.A.C45,"第 27  條 
 許可 集會 ﹑ 遊行 負責人 代理人 違反 第十八 條 規定 處 新臺幣 三萬 元 以下 罰鍰 
 第 28  條 
 集會 ﹑ 遊行 主管 機關 命令 解散 解散 處 集會 ﹑ 遊行 負責人 代理人 主持人 新臺幣 三萬 元 十五萬 元 以下 罰鍰 
 集會 遊行 負責人 未 第二十二 條 第二 項 但書 責 集會 遊行 繼續 進行 處 新臺幣 三萬 元 以下 罰鍰 
 第 29  條 
 集會 遊行 主管 機關 命令 解散 解散 繼續 舉行 制止 遵從 首謀 處 以下 有期徒刑 拘役 
 第 30  條 
 集會 ﹑ 遊行 文字 ﹑ 圖畫 ﹑ 演說 他法 侮辱 ﹑ 誹謗 公署 ﹑ 依法 執行 職務 公務員 處 以下 有期徒刑 ﹑ 拘役 科 併科 新臺幣 六萬 元 以下 罰金 
 
 一起 適用 知道 直接 抓去 關 兩 不能 易科 罰金 
 羈押 
-----
Sent  from JPTT  on  my  iPhone 

--",
M.1744982078.A.C7D,"題 
 
 肥 臉 超 容易 出 油 
 
 臉 毛孔 粗大 
 
 天 晚上 擠 一下 毛孔 噴出 白膏 ＠＠ 
 
 試 不少 方法 沒效 
 
 洗面乳 用去 沒 多久 滿 臉 油 
 
 有救 
 
--",
M.1745039638.A.91B,"通常 應該 

 種 租約 約定 
 
 方 附 理由 

 提前 n 通知 終止 租約 

 房東 應該 不會 違約 問題 

 大概 兩 選項 房客 選 

 馬 同意 提高 房租 

 馬 提前 通知 終止 租約 搬走 
 
 簽 種 租約 特別 營業用 

 不要 閉 眼睛 簽 瞄 一下 

 房客 簽 種 保障 

 其實 保障 房東 

--",
M.1744982734.A.296,"前 一陣子 車子 行人 馬路 
 紅綠燈 以外 
 今天 開車 發現 很多 汽車 慢慢 開 行人 馬路 
 昨天 小朋友 舉手 新聞 保護 
 汽車 
 機車 鑽來鑽去 
-----
 Sent  from  JPTT  on  my  iPhone 

--",
M.1745036750.A.16A,"阿肥 剛剛 花木蘭 
 
 感覺 老祖宗 神明 
 
 木須龍 假裝 巨石 神龍 
 
 有點 蠢 
 
 八卦 

--",
M.1745003343.A.73A,"初 日本 吃 麥當勞 
 喝 草莓 奶昔 外 久違 嚐到 滿福 香雞堡 
 小小 片 雞肉 豬肉堡 好吃 喔 台灣 麥當勞 停售 掛 



--",
M.1744958591.A.325,"通訊 軟體 line 中文 通稱 賴 

 有夠 爛 詐騙 堆 花 堆 錢 沒 搞 正事 
 賣 國 送 錢 本來 控制權 韓國 現在 變 日本 


 為啥 賴 使用率 高 到底 支持 


 沒 八卦 


--",
M.1744968734.A.019,"yoyo 
 
 高雄城 5 
 
 今年 33    八卦 處男 
 
 苛刻 
 
 比較 笨     薪水 領 少 
 
 今天 學 一點     輸 
 
 聰明 條件 努力 
 
 休息     
 
 女朋友 沒 交到 失敗 
 
 嗚嗚 
 
 長期 保持 學習     真的 累 


--
 支持",
M.1745022735.A.E21,"應該 改善 ㄧ下 居住 環境 
弄 高級 人性化 一點   學 北歐 
 再犯率 降低",
M.1744976012.A.88C,"昨天 聽 GPT 美國 健保 退休金 佔 總預算 45% 利息 軍費 好幾 倍 

 美國人 省錢 一點 搶劫 窮 國 盟友 

 就學 台灣 醫療 弄便宜 犧牲 醫療 人員 國家 沒 錢 

 學 國家 延長 領 退休金 年齡 

 有沒有 美國 願意 省錢 八卦 

--",
M.1744978264.A.2E6,"題 
 本魯 好奇 
 黑白 電視   彩色 電視   電腦   傻瓜 手機   智慧 手機 
 項 全民 普及 新 科技 可能 
 知道 有生之年 能不能 見到 

--",
M.1744993570.A.341,"今天 女友 好朋友 一起 遊樂園 
 好朋友 之前 生病   最近 康復 
 約好 一起 慶祝 
 
 最後 坐 摩天輪 
 女友 煙火 綻放 接吻 
 度過 快樂 天 
 
 分享 照片 
 希望 感染 快樂 
 有沒有 女友 朋友 一起 遊樂園 真 好玩 八卦",
M.1744989386.A.F5D,種,
M.1744994188.A.110,"題 
 魯
 討厭 種 假掰 娃娃音 
 唱歌 娃娃音 
 到底 舒服 
 顏值 不錯 頂級 
 到底 紅 

--",
M.1745016399.A.038,"城武 

Al  Yankovic   人稱 怪異 楊科維奇 
 
 喬科維奇 約科維奇 並稱 科維奇 傑 
 
 名 創作型 搞怪 歌手 著名 歌曲 
 
 模仿 星際 大戰 :   傳說 
 
 模仿 黑幫 天堂 :   阿米什人 天堂 
 
 諷刺 白人 阿宅 :   白 宅 


  AI  當紅 現在 藝術 創作 取代 
 
 出道 現在  AI  潮流 淹沒 
 
 名字  Al  轉型成  AI  型 歌手 

:) 

--",
M.1745023740.A.DA3,"LEXUS TOYOTA 旗下 豪華 汽車 品牌 
 高級車 覺得 BBA BMW  賓士   奧迪 
LEXUS 感覺 台 比較 高級 頭 
 
 

--",
M.1744976315.A.51C,"傢伙 奇葩 
 
 其實 黃呂 關係 搞 僵 
 
 黨 議員 全力 奧援 
 
 現在 早 中正 萬華 立委 
 
 吳沛憶 強 看來 看板 

 
 
 現在 聲援 黃呂 會不會 太 假 

--",
M.1745027735.A.493,"指 接下來 數十 上百   日本 侵略 中國 機會 ? 
 
 日本 戰爭 反省 一直 德國   天 日本 起笑   會不會 想 侵略 中國 ? 
 
 日本 接下來 數十 上百   侵略 中國 機會 ? 
 
 或許 美 共同 侵略 說不定   可能性 高 ? 


--
 雲林 支廳 主計 今村平藏   日記 蠻煙 瘴雨 日記 書 記述   殖   雲林 大屠殺 慘況 
 
 兵煙 之下 無不盡 成 肉山 血河 良匪 復 未 辨 薰蕕 幾千 房屋 竟 付諸 一炬 無數 
 生靈 頃刻 間 成 斬首 台 怨魂 九芎林庄 成為 焦土 村民 血肉 飛散 變作 慘絕人寰 
 地獄 石榴班 海豐崙 殺戮 燒 焰 腥風 捲 煙 陽光 淒然 但見 雲林 斗六 地方 
 殘煙 死灰 未 滅 滿 眸 極其 酸鼻 令 暢然 自失 大有 天柱 折 地維 裂 概 
 
--",
M.1744975121.A.2D7,"安安   剛剛 買 麥當勞 吃 
 
 順便 附近 公園 晃 一下 
 
 運動 一下 走 圈 
 
 吃 速食 比較 不會 胖 
 
 看到 騷 阿姨 
 
   長 超 木下凛々子 
 
 穿著 緊身 瑜伽褲 件 貼身 短 T

 有夠 騷 
 
 身材 
 
 跟著 走 一下 
 
 不知不覺 勃起 ==
 
 好像 注意到 
 
 趕快 麥當勞 買 晚餐 
 
 回家 趕快 木下凛々子 片尻 
 
 不得不 熟女 特有 韻味   棒 
 
 到底 喜歡 屁孩 學生妹 阿

 阿姨 好  懂 
 
 騷 種 有點 年紀   


-----
 Sent  from JPTT  on  my  i Phone

--",
M.1745037088.A.8F2,"1 . 媒體 來源 : 
 中時 新聞網 

2 . 記者 署名 : 
 林毅 

3 . 完整 新聞 標題 : 
 日式 飯糰 生意 太   高雄 包租婆 眼紅 想 毀約   遭 拒 惱羞 砸 店 

4. 完整 新聞 內文 : 
 位在 高雄 美術館 旁 間 日式 飯糰店",
M.1744984820.A.B9E,"備註 放 後面   違者 新聞 文章 刪除 

1 . 媒體 來源 :",
M.1744969536.A.E6E,"最近 小說 
 發現 問題 
 
 乾兒子 乾兒子 
 稱呼 
 
 小說 沒 寫 
 太 清楚 
 
 卦 否 ? 


--
 養 狗 缺點 非常 :   花錢 飼料 獸醫 咬到 賠錢 .   花 時間 狗 家 隨地 大小便 
 處理 洗澡 美容 .   家人 咬 風險 畜牲 幾乎 不會 感恩 牠 牠 高興 
 咬 . 可能 睡覺 咬掉 老二 直接 咬死 .   傳染病 狗 外面 翻 垃圾 
 病菌 帶回 家 傳染給 .    笑 傻子 出門 溜狗 看到 偷笑 養 狗 自找 麻
 煩 真 白痴 .   鄰居 衝突 狗 叫聲 吵 鄰居 咬 風險 遇到 喝醉酒 衝
 動 鄰居 可能 砍 .   出遠門 安頓 牠 麻煩 .   牠 死 難過 好多 人生 變 黑白 . 

--",
M.1745012047.A.AB4,"司法 敗類 林俊言 筆錄 造假 偵訊 被告 試試 經手 被告 出
 現 沒 錄音 錄影 空窗期 

 種 不要臉 司法 敗類 之前 臉 對著 旁聽席 喊 相信 檢察官 相信 證
據 

 信 恁娘 勒 現在 證據 已經 相信 林俊言 司法 敗類 
 
 請問 台灣 法律 種 司法 敗類 沒輒 體制 辦法 解決 種 司法 敗類 
 不要 怪 老百姓 不滿 累積 極限 之後 尋求 體制 外 方法 表達 司法 敗類 不滿 

 司法 敗類 林俊言 試試 

--",
M.1744989016.A.9FE,"1 . 媒體 來源 : 
 民視 新聞網 


2 . 記者 署名 : 
 國際 中心 ／ 張瑋珊 報導 


3 . 完整 新聞 標題 : 
台 身份證 1 特色 12萬 粉紅 愛 慘 中網 心酸 嘆 台灣 真正 優點 不能 發 


4 . 完整 新聞 內文 :",
M.1744974604.A.CA8,"拉

 本肥宅 晚餐 吃 漢堡王 
 
 200 花生 牛肉 漢堡 套餐 
 
 裡面 杯 飲料   漢堡  超 包 薯條 
 
 看到 後悔 
 
 還不如 吃 肯德基 XL 套餐 
 
 薯條   蛋塔   漢堡  炸雞  吃起來 比較 爽 
 
 肯德基 484 屌打 漢堡王 ? 

--",
M.1744963590.A.4B7,金門 染黃 出人命 正妹 士官長 退伍 傳播 妹 　 酒瓶 爆頭 打死 酒客,
M.1744960261.A.782,"1 . 媒體 來源 : 
 自由時報 


2. 記者 署名 : 
 蔡政珉 


3 . 完整 新聞 標題 : 

 懷疑 同居人 外遇 男 持 雙 刀 挾持   苗 警 開 2 槍 擊斃 



4 . 完整 新聞 內文 : 
 〔 記者 蔡政珉 ／ 苗栗 報導 〕 居住 苗栗縣 頭份市 49 歲 蔡姓 男子 今日 凌晨 0點 懷疑 
44 歲 陳姓 同居 女友 外遇 兩 發生 糾紛 蔡男 怒氣 衝天 竟 拿起 菜刀 抵住 同居人 警方 獲報 
 趕赴 現場 喝令 蔡男 停止 行為 蔡男 不從 作勢 逼近 欲 攻擊 員警 陳女 頭部 劃 刀
 警方 先 開槍 擊中 蔡男 左 手掌 蔡男 持續 處理 員警 逼近 距離 太 短 處理 員警 感
 遭受 生命 威脅 開槍 射擊 蔡男 蔡男 左 胸 擊中 倒下 送醫 今天 凌晨 2點 宣告 
治 

 了解 蔡男 目前 無業 母親 同住 出入 住在 陳女 住處 陳女 曾經 通報 警方 
 蔡男 傷害 蔡男 18日 事發 前 黃湯 下肚 酒 懷疑 陳女 外遇 認為 陳女 結 新歡 雙方 
 發生 爭吵 陳女 趁隙 報警 發生 家暴案 未料 口角 爭執 竟 升級 蔡男 陳女 住處 竟 
 2 菜刀 持 雙 刀 抵住 陳女 頭部 警方 獲報 蔡男 竟 挾持 陳女 陳女 5樓 住處 
 走到 1樓 警方 對峙 一手 抵住 陳女 頭部 手 不停 揮舞 菜刀 處理 員警 逼 
 近 

 處理 員警 見 情況 緊急 立刻 喝令 蔡男 放下 菜刀 鬆 開 陳女 止步 蔡男 先 丟下 右手 持 菜
刀 左手 持 菜刀 攻擊 陳女 劃傷 陳女 頭部 持續 逼近 處理 員警 員警 考慮 陳女生 
命 安全 安危 只好 開槍 蔡男 槍 倒地 警方 馬上 通報 消防 人員 救護 送醫 蔡
男 18日 凌晨 2點 宣告 不治 
 
 頭份 警方 表示 當時 情況 急迫 警方 避免 陳女 同仁 安危 開槍 制止 目前 案 
 頭份 警分局 成立 專案 小組 調查 釐清 報請 檢方 相驗 陳女 頭 臉 身 
 處 擦挫傷 脖子 輕微 割傷 生命 危險 

5. 完整 新聞 連結   短網址 不可 YAHOO LINE MSN 轉載 媒體 :",
M.1744989598.A.32B,"誒誒 
 明天 休假 欸 爽 
 外面 那麽 熱 家 吹 冷氣 比較 舒服 
 好吃 爆米花 可樂 推薦 
急 

--
 Sent  from  nPTT  on  my  iPhone  15  Pro

--",
M.1744984518.A.845,"學 倉頡 幾乎 太 注音 算是 後遺症 ? 
 
 現在 中文 十 字 裡 幾乎 全 字 
 
 嚴重 影響到 國文 考試 
 
 後悔 ? 

 檢定 分鐘 150 字 感覺 現在 沒 用處 
 
--",
M.1744965299.A.77A,"川普 選舉 
 
 當選 24 小時 結束 烏俄 戰爭 
 今天 放話 俄烏 


 川普 現在 關稅戰 
 號稱 美國 成為 製造業 大國 
 恐怕 90 天 不了了之 



 川普 美國 再次 偉大 
 
 台北 8 超越 新加坡 


 比較 唬爛 


--",
M.1744992824.A.D8B,"聽說 東西 法則 
 
 感覺 厲害 
 
 最近 想 蒐集 手勢 圖 
 
 增加 行動力 成功 機率",
M.1744981275.A.11D,"備註 放 後面   違者 新聞 文章 刪除 

1 . 媒體 來源 :",
M.1744987742.A.A50,"現在 堆 大樓 社區 愛 公設 區域 提供 跑步機 
 通常 種 公設 附設 跑步機 幾乎 陽春型 
 完全 健身房 專業 好用 
 機器 放 久 明明 沒 
 現在 過保 主委 硬 花錢 修 攤 
 大樓 社區 附設 跑步機 買 爛 

--",
M.1744987117.A.BB5,"Laurier  Lachance   洛瑞艾
 加拿大人 
 鍾綺 新 台語 專輯 音樂 總監     ^ ▽^  
 台語 竟然 唱 不錯  Σ  ° △ °||| ︴",
M.1744980058.A.B82,"嗨嗨 嗨   晚安 
 
 小妹 好奇 問 

 10 前 
 
 喊 
 
 獨裁 成為 事實 
 
 革命 義務 
 
 現在 484 喊 
 
 抓 

 有沒有 現在 民主 
 
 獨裁 拔瓜 

--",
M.1745037729.A.FCD,"不要 囉嗦 不要 沒 圖說 雞巴 哥 附圖 

 哥 今天 巨蛋 爪邦 順便 能不能 買到 蠟筆 小新 週邊 車子 停 華視 

 四月 今天 炎熱 妹子 按捺不住 展現 自我 真 讚 

 短裙 熱褲 嘖嘖嘖 

 台北 妹子 比較 怕 熱 

卦",
M.1745040959.A.7FB,"小弟 剛剛 路 

 看到 短裙妹 
 
 覺得 腿 保養 不錯 
 
 看到 露 背 裝 
 
 背 堆 痘痘 
 
 八卦 

-----
Sent  from  JPTT on  my OPPO PGU110.

--",
M.1744973547.A.CFB,"筆 債權 真的 沒辦法 用掉 
 執行 程序 下來 方向 參考 

1. 扣 三分之一 三分之二 三分之一 永遠 花旗 打工人 

2. 找 勞健保 工作 

3. 養 小孩 沒 說錯 養 小孩 
 養 份 低 生活費 
 法院 執行處 養 4 小孩 加 父母 薪水 6萬多 根本 扣 扣 
 法院 人員 表示 沒辦法 法律 規定 保留 生活費",
M.1745024754.A.E30,"郭董 愛店 出事 金春發 老母 告 狠 奪 5千萬 　超 驚人 營收 意外 曝光 
 
 記者 黃宥寧 ／ 台北 報導 
ETtoday 
 
 郭台銘 愛店 驚 爆 家變 知名 牛肉 老店 金春發 牛肉店 台北 承德店 經營人 陳蔡 女士 多
 委託 兒子 代為 收管 營業 收入 未料 屆 退休 兒子 索回 5,271萬 元 遭 拒 憤 提 
告 法院 審理 陳男 當庭 認帳 士林 地院 判 應 全數 返還 款項 支付 年息 5% 利息 全 案 
 立即 執行 

 判決 指出 陳蔡 女士 係 金春發 牛肉店 承德店 實際 經營 2007年 營業 收入 委託 
 兒子 代收 存入 合作金庫 元大 銀行 帳戶 長達 13 間 累計 高達 5,271萬4,984 元 平均 
 營收 逾 405萬 元 筆 收入 原 應 屬於 母親 遭 兒子 長期 占有 態度 強硬 毫無 悔
意 令 陳蔡 女士 痛心 不已 

 開庭 陳子 當庭 認諾 爭執 母親 提 事實 請求 法官 認定 被告 既已 承認 債務 
 無須 訴訟 標的 進行 法律 關係 調查 依法 判決 全數 敗訴 須 償還 款項 核准 假 執 
行 原告 立即 聲請 強制 執行 

 訴訟 過程 陳子 妻子 參加人 身分 出庭 主張 金春發 承德店 實 丈夫 經
營 媒體 次 採訪 證實 質疑 婆婆 丈夫 聯手 打官司 刻意 操作 訴訟 程序 
 掏空 財產 意圖 規避 配偶 剩餘 財產 分配 權利 兩 目前 正 處於 離婚 協商 階段 
 
 法官 認為 陳子 既已 當庭 認諾 配偶 發言 立場 相 牴觸 依法 生 效力 本案 
 單純 債務 清償 糾紛 法院 依法 作出 判決 陳子 須 全 額 返還 5271萬 元 應 負擔 訴
訟 費用 

 創立 1897年 金春發 牛肉店 擁有 超過 百 歷史 台灣 牛肉 料理界 指標性 名 店
 深受 政商 名流 喜愛 鴻海 創辦人 郭台銘 潤泰 集團 總裁 尹衍樑 重量級 人物 皆 座上 常
客 如今 品牌 版圖 拓展 台北 處 地點 老饕 間 享有 盛名 
 
 次 承德店 爆出 母子 反目 對簿公堂 訴訟 風波 撕裂 家庭 情感 金春 發
 塊 百 金字招牌 蒙上 陰影",
M.1745028210.A.DCB,"老師 講解 台灣 半導體 歷史 
 
 看到   老曹 當初 台灣 送出國 科技 種子隊 後來 回 台 
 
 半導體 開創 大佬 期   張忠謀   科技 大佬 


 期 現在 混 有聲有色 


   老曹 …

 違法 赴 投資 半導體 大倡 統一… 大陸 踢出來 …

 避稅 放棄 台灣籍 歸化 新加坡 …


 老曹 混成 …

--",
M.1744962834.A.9C5,"常見 禿頭 前額 頭心 禿 
 
 很多 肥宅 胖 禿頭 
 
 肥宅 禿 
 

--",
M.1745030337.A.B39,"直接 結論 蒼蘭鴿 鬼扯 八卦 瞎 附和 整 台灣 低 群眾 智商 表現 件 事 覽無疑 
 
 媽 日本 厚生 勞動省 資料 詳細 ? 
 
 日本 厚生 勞動省 令和 報告",
M.1744986833.A.CE0,"
 今天 小弟 抓去 玩 桌遊 
 玩 矮人 礦坑 
 覺得 破壞 根本 不可能 獲勝 
 
 想到 以前 沈迷 桌遊 朋友 玩 
 加 規則 
 
   遊戲 不能 透漏 金礦 位置 
 遊戲 不能 講話 
 礦工 挖到 金礦 道具 損壞 礦工 不能 金幣 
 
 破壞 根本 沒 遊玩 空間 
 
 經典 遊戲 應該 規則 沒 注意到 
 不可能 平衡 糟糕 
 
 矮人 礦工 規則 重要 一般人 不會 注意到 
 本來 平衡 言 
 
--",
M.1745027170.A.4FC,"
 
 當初 戒嚴 
 
 政治犯 
 
 關 美麗 地方 外 
 
 稱作 共匪 壞蛋 
 
 現在 
 
 真的 共匪 
----
Sent  from",
M.1745034680.A.594,"珠珠 寶貝 李珠垠 
 
 台灣 應該 沒 交到 新 朋友 
 
 天 應該 住 飯店 
 
 剛好 週末 天氣 
 
 珠珠 寶貝 出門 
 
 行程",
M.1744993758.A.855,"猴猴 茂德 土地 變更案 知道 敢 出頭 
 
 柯文哲 關 久 檢調 套路 警察 猴猴 了解 猴猴 可能 怕 
 
 政治 生命 當完 新北市長 差不多 結束 萬安 寶寶 想 選 總統 
 不敢 現在 淌渾水 
 
 殺柯儆猴 效果     猴猴 應該 繼續 歲月 靜好 順利 卸任 


--",
M.1744983659.A.171,"台灣 尋奇 
 
 專門 收集 老外 
 
 以前 很多 正妹 
 
 漸漸 出走   解約 
 
 現在 好像 剩 黑人 兄弟 
 
 黑龍   黑牛   忘 
 
 沒 發現 嚴重 ? ? 

--",
M.1744974203.A.98E,"全 世界 好像 爛 
 爛 
 某某某 有病 
 好奇 
 爛 排名 
 Google  美國 爛 總統 
 統計 爛 
 
--",
M.1745039896.A.612,"剛 新聞 
 
 最近 罷免 堆 抓 
 
 堆 政府 防堵 N 堵 不了 詐騙 
 
 沒 弊案 
 
 加上 
 
 高雄 房東 砸 店 
 
 新北 宇智波 挖眼 
 
 好像 整 社會 中國 瘋狗 
 
 爽 直接 怒吼 暴怒 直接 開 扁 
 
 戾氣 越來越 重 社會 越來越 對立 
 
 想 搞 事 死 裡 搞 死 裡 搞 
 
 台灣人 善良 純樸 
 
 現在 已經 整 組 壞掉",
M.1745025101.A.5C3,"石田三成 標準 忠誠度 極 高 官僚型 角色 
 
 適合 乖乖 財政 內政 類型 
 
 外交 作戰 能力 真的 一塌糊塗 
 
 賤 岳 槍 關係 實在 = = 
 
 豐臣 沒 贏 機會 
 
 小早川 沒 倒戈   石田三成 贏 
 
 延續 
 
 秀賴 沒 實權     大老   奉行   亂哄哄 
 
 贏 島津 毛利 上杉 一定 瓜分 土地 
 
 豐臣 削弱 次 
 
 再來 家康 死   秀忠 
 
 信濃 甲斐 掌握 
 
 最後 石田三成 鬥掉 暗殺 
 
 德川 + 伊達家 大概 次 東西 大戰 
 
 大概 @@ 

--",
M.1744994934.A.BB9,"到底 85 歲 阿罵 犯 重罪 
 
 為啥 
 
 不會 共諜 
 
 之前 民進黨 共諜 阿
 
 反對 民進黨 
 
 抓 


 欺負 85 歲 阿嬤 有沒有 報應 阿
 
 台灣人 善良 
 
 看起來 還好 阿  阿嬤 放過 
 
 知道 阿嬤",
M.1744970287.A.F89,"身邊 朋友 疫情 瘋狂 出國 問 一下 竟然 次 日本 想 整 日本 玩 次 
 
 四國 東北 鄉下 地方 想 問 怎不 國家 沒 興趣 
 
 自豪 路 遇到 堆 台灣人 自由行 
 
 國家 眼 裡 日本 東京 京都 差不多 沒 癡迷成 
 
 台灣人 立志 玩遍 日本 八卦 原因 造成 
 
 日本 旅遊 一點 便宜 

--",
M.1745020049.A.D6E,"蔣 朱聰明 
 
 明知道 違法   不宜 久留 
 
 沒 多久 跑掉 
 
 剩下 瞎起鬨 暴民 亂 
 
 身為 市長 沒 維持 治安 
 
 沒 出動 水泡車 驅離 
 
 應該 忘記 市長 
 
 北區 受不住 喊 倒閣 
 
 畢竟 黨 
 
--",
M.1744961405.A.1E7,"現在 進度 擴大 迫害 敵對 政治 人物 步 迫害 學者 意見 領袖 
 
 前 陣子 跳出來 中嚴院 75 學者 線上 
 
 cc…… 哭 
 
 門路 烙跑 
 
 早早 美國 生 小孩 真是 遠見 不用 遠見 
 
 準備 潤 勒 台灣 生死 j 家 系 愛 台灣 辣 cc


--",
M.1744958175.A.299,"答案 簡單 
 2008 -2016 
 65 - 75 年次 出生 世代 
 剛好 最佳 授孕 生產期 年紀 
 65 -75 出生 人口 狗 票 
 現在 撐 鬼島 經濟 
 保有 一點 傳宗接代 保守 觀念 
 導致 很多 2008 -2016 結婚 生子 
 結完 婚 生完 小孩 
 離婚潮 
 很多 單親 媽媽 
 
 來歷 紅 供 跨 賣 欸",
M.1745026916.A.F51,"剛剛 花費 40 
 
 終於 得出 結論 
 
 現在 網友 分享 
 
 殺 死 
 
--",
M.1745041174.A.288,"很多 國家 
 
 很多 國家 Google 街景 
 
 比較 國 街景 交通 
 
 發現到 規則 
 
 下面 台灣 種",
M.1744980182.A.400,"江湖人 常 禍 不及 家人   根本 笑死   完全 站 加害人 角度 阿
 
 罪 殺人 放火 害人 滿 門   仇家 找上門   禍 不及 家人 
 
 報仇   報仇 罪 感到 痛苦   感到 歡愉 報仇 
 
 尤其 罪 面   殘害 家人   聽到 罪 不要 喊   罪 家人 不要 喊 
 
 喊 撕心裂肺   無可奈何   頂級 報仇 愉悅 
 
 禍及 家人   罪 不要 亂 搞 事   搞   不要 搞 想 滅 滿 門 
 
 搞   想 搞 回去   搞   放下 屠刀   誠心 佛   教化 可能 
 
 禍 不及 家人   好康 事   守法 白癡 活該 搞 
 
 禍 不及 家人 根本 罪 說話   佔 受害 便宜   應該 丟 種 觀念 
 
 改為 滅 全 家   委屈 種 認知   沒 幫 
 
 寄望 國家   統治 名聲 勸 算了 拉   認錯 教化 可能 
 
 根本 無法 報仇   站 犯罪 地位   滅 滿 門 之後 放下 屠刀   誠心 向善 
 
 吐 口 怨氣   玩弄 假 道學   豈不 快 
 
   卦 否 
 

--",
M.1744991650.A.24E,馬斯克 義大利 總理 喬治亞‧梅洛尼 親吻 臉頰,
M.1744987147.A.D68,"當中 
 不會 跑去 不同 立場 場 蹭 流量   訟棍 
 不會 肉搜 公開 家 小孩 隱私 
 不會 公開 冰櫃 號碼 
 不會 推特 蕭 看到 屌照 
 不會 爸爸 死 祝 媽媽 死   送 高級 花籃 
 不會 約砲 未 成年 辯稱 8 前 10 歲 
 不會 霸凌 自殺 畏罪   死 太少 
 
 不會 事 
 潑 四叉貓 飲料 
 潑 飲料 毫無 興趣 


 沒 無聊 穆斯林 場子 偷拍 穆斯林 帶有 惡意 直播 斗 
 穆斯林人 發現 猶太教 起來 怪 德國 穿 納稅 軍服 納粹 愛 專屬 歌
 德體 德國 直 播 猜 德國人 


4X 夠 狠 夠 有理 偷拍 街頭 直 播 爭議 變態 四X 
 尊重 肖像權 一直 街 拍 女性 直 播 評論 女性 保證 炎 
 
 老伯伯 太 溫柔 街 偷拍 直接 防 狼 噴霧 噴 吃 混 
 大量 安眠藥 酒 協助 拖到 計程車 告訴 醉 醒過來 
 感化 演出 種 釋放 大愛 感覺 警局 自首 計程車 載到 家 
 車庫 準備好 刑具 鎖住 慢慢 肢解 中間 喊叫 沒 事 車庫 消音
 牆 完美 第一 步 先 割 舌頭 聲帶 肢解 器官 玻璃 保存 起來 眼球 
腦 肝 腎 心臟 類 臟器 好奇 究竟 蒐集 
 最後 可能 捕 第一 台灣 司法 實質 廢死 第二 根本 怕死 
 行刑 希望 捐贈 大體 器官 最好 醫學 解剖 福馬林 保存 起來 一定 非常 
 有趣 

--",
M.1744988323.A.7B3,"奈國 私刑 常 發生 喔 
 
 猜 
 
 可能 之前 屠 村 
 
 搶劫 
 
 氣憤 
 
 次 家 附近 黑人 
 
 偷 路 貨車 司機 電瓶 
 
 差點 打死 路 

-
 前 天 家 附近 火燒
   貧民窟 大約 200 間 木屋 燒光 
 可憐 奈國 子民",
M.1744989417.A.7C8,"最近 那麼多   學生 自殘 新聞 ? 
 
 今天 新聞 國中生   高中 
 
 真的 壓力 爆頂 ? 
 
 到底 現在 學生   課業 壓力 太 城 受不了 ? 
 
   人際 壓力 太 ?   畢竟 現在 下課 社群 交際 整 天 交際 真的 累 
 
--",
M.1744974644.A.FE9,"挺 好奇 
 種 需要 專業 判斷 東西 
 應該 法官 
 應該 組成 類似 醫審會 東西 合意 判決 

ps. 聽說 台灣 法官 隨便 推翻 醫審會 判斷 根本 有病 


-----
Sent  from JPTT on my Sony  XQ-BT52 . 

--
 支持 隔離 咬人 狗   悲劇 發生 
 愛心 警衛 流浪狗 2   喝醉 慘 12 犬 活活 咬死",
M.1744966766.A.39A,"1 . 媒體 來源 : 
UDN


2 . 記者 署名 : 
 記者 邵心杰 


3 . 完整 新聞 標題 : 
 深夜",
M.1744983463.A.6FD,"題 
 雞腿 現在 批發 T5 雞腿 
 查 2X 元 
 吃 食材 成本 占 3成 
 雞腿 3成 
 加上 人工 店租 菜 成本 
 現在 店家 賣 80 元 
 雞腿 便當 賣 80 到底 賺 
 沒 八卦 


--",
M.1745020684.A.42F,本來 納粹 意象,
M.1744988435.A.373,"大大晚安 吃飽 賈霸委 
 本魯 肥宅 今天 吃 漢堡王 雙層 牛肉堡 舒服 
 
 周末 朋友 家 玩 天黑 閉眼 狼人 殺 
 原本 團康 遊戲 沒想到 挺 有趣 
 上台 瘋狂 嘴砲 
 
 魯 玩 狼 太 難 
 一下 抓出來 
 
 場 十 狼 隻 三成 少數 派 
 投票 投輸 表決 不會 
 
 贏 太 難 ? ? 
 
 究竟 ~~ 少數 派 人狼 滅 村 乾五 掛謀 

--
 廟堂 之上 朽木 為官 殿陛 之間 禽獸 食祿 
 狼 心 狗行 輩 滾滾 當朝 奴顏婢膝 徒 紛紛 秉政 
 社稷 丘墟 蒼生塗炭 

--",
M.1745040027.A.A52,"udn/ 翁 成 

 419 守護 台灣 大麻 合法化 遊行   北市警 公布 交管圖 
 
 反共 網紅 八炯 號召 拒絕 統戰 守護 台灣 大會 明天 下午 凱達格蘭大道 舉行 
 包括 議員 苗博雅 立委 黃捷 曹興誠 波特王 呱吉 楊淑雅 到場 轄區 警方 
 公布 交管圖 呼籲 民眾 配合 員警 指揮 
 
 中正 警方 指出 拒絕 統戰 守護 台灣 集會 活動 4月 19日 0時 凱達格蘭大道 
 中山南路 公園路 東 西 雙向 全 線 車道 管制 車輛 通行 搭設 舞台 音響 硬體 設備 
 預計 當日 24時 活動 撤場 結束 始 開放 車輛 通行 
 
 時間 大麻 合法化 倡議 團體 綠色 浪潮 濟南路 一段 立法院 群賢樓 旁 舉 
 辦 第7 屆 大麻 遊行 警方 4月 19日 8時 濟南路 一段 中山南路 鎮江街 西 全 
線 車道 東 內側 1 線 車道 管制 車輛 通行 

 遊行 當天 下午 4點半 出發 路線 濟南路 一段 立法院 群賢樓 前 集合 出發 右轉 中
山南路 東側 慢車道 右轉 青島東路 右轉 林森南路 右轉 仁愛路 一段 南側 慢車道 迴轉 信
義路 一段 北側 慢車道 左轉 林森南路 左轉 濟南路 一段 集會 解散 

 警方 指出 次 集會 活動 期間 行經 相關 管制 區域 路線 公車 台北市 公共 運輸處 協調 
 公車 業者 配合 改道 行駛 民眾 欲 查詢 公車 改道 路線 電洽 台北市 公共 運輸處 電洽 
 站牌 公車 調度站 查詢 相關 資訊 

 警方 維護 活動 交通 秩序 安全 彈性 管制 集會 現場 周邊 路段 視 現場 狀況 人
數 擴大 周邊 交通 管制 範圍 駕駛人 行經 管制 區域 務必 提高 警覺 小心 駕駛 遵 
守 員警 義交 指揮 疏導 減速 慢 行 共同 維護 交通 順暢 安全",
M.1744968061.A.A44,"題 
 
 人妻 女 同事 今天 露 深 v

 小心 近距離 看到 

 發現 好像 真的 

 感覺 軟 
 
 螢幕 看到 d奶 完全 
 
 現場 差 
 
 處男 自處 

 掛 

-----
Sent from JPTT on my Samsung  SM-A146 P.

--",
M.1744994900.A.629,"記得 小時候 
 台灣 堆 教育 
 提倡 守 孝道 
 列舉 堆 故事 
 守 孝道 
 周圍 批評為 不孝子 
 知 
 台灣 突然 莫名其妙 沒 提倡 孝道 
 現在 代 年輕人 
 幾乎 找 父母 孝順 
 想要 
 長輩 講 話 完全 聽 
 逢年 過節 出國 玩 
 回去 探望 父母 
 平時 電話 不會 
 過去 相比 
 根本 整 廢 笑 
 
 沒 發現 台灣 突然 沒 提倡 孝道 
 鄉民 沒 意識 件 事情 
 真是 豈有此理 
 
--",
M.1744971890.A.B14,"次 間 全 台 剩 家 吃到飽 餐廳 
 
 看到 不少 老外 很多 盤 沒 吃完   結帳 惹 
 
 想到 洋化 重 企鵝妹 常常 沒 吃完 喊 nono   哀 富 
 
 老外 習慣 盤 食物 吃完 

--",
M.1745035548.A.832,"逛 菜市場 看到 賣 馬鈴薯 
 
 順口 問 斗南 出產 

 老闆 問 外行人 
 
 斗南 出產 馬鈴薯 
 
 內行人 買 台農 4號 品種 
 
 芽眼 少 偏 白 賣相 
 
 耐 煮 咖喱 搭配 
 
 炸 特別 酥脆 炸 薯片 好吃 




 最近 馬鈴薯 
 
 台農 4號 馬鈴薯 內行人 買 




--",
M.1744963904.A.5B8,"小孩子 磚塊 砸 車 
 
 小孩子   畢竟 小孩子 
 
 車 舊 
 
 新 話 
 
 舊 開口 七萬八萬 
 
 難道 覺得 獅子大開口 ? ? 
 
 凹下去 馬桶 吸盤 拉 拉 ? ? 

--",
M.1744987825.A.4E3,"1. 媒體 來源 : 
yahoo 新聞 
 李東陞   顧守昌 方志成 
 
 小孩 石頭 磚塊 砸 車 苦主 估 維修費 7 8萬   家長 頂多 1萬5 
 
 台南 歸仁 處 國小 旁 日前 住戶 車子 不明 原因 石頭 磚塊 砸 住戶 調閱 監視器 過後 
 發現 2 名 小朋友 學校 丟 過去 車子 弄得 傷痕累累 事 住戶 進行 求償 雙方 談不
攏 車子 估價 修 7 8萬 元 小朋友 家長 願意 賠償 15000 元 

 苦主 拍下 畫面 竟然 小孩子 石頭 磚頭 汽車 猛 砸 

 受害 住戶 連續 兩 天 車子 石頭 上面 石頭 下面 石頭 石
頭 磚塊 

 車子 成 小孩子 找 樂子 目標物 砸到 傷痕累累 玻璃 重傷 之外 車頭 大大小小 
 石頭 留在 車子 

 受害 住戶 學校 監視器 拍到 兩 小朋友 車 放 好好 
 丟到 太 扯 15000 元 兩 孩子 總共 賠償 15000 元 
 15000 不可能 現在 物價 高 鈑金 不可能 15000 元 

 台南 歸仁 處 國小 旁 住家 4月 15 16日 住戶 車 連續 兩 天 石頭 砸 竟然 小朋友 
 下課 時間 調皮 直接 校園 土 裡 石 頭 旁邊 車子 丟 住戶 後來 抓 
準 時機 堵 直接 拍到 2 名 小孩 丟擲 過程 事 家長 調解",
M.1744958824.A.46E,"包莖 噁賴 
 
 TM 臭 北 
 
 陳年 起司 味兒 
 
 相較於 肥宅 油耗 味兒 
 
 簡直 不遑多讓 …


 小妹 好奇 
 
 猶太人 
 
 強制 割包皮 
 
 台灣 

 導致 堆 臭 包莖 ? 

O_o

--",
M.1744987518.A.063,"….

 艱難 
 
 天 電腦 斷層 
 
     方面 
 
 信 神 
 
 希望 誤會 
 
 今天 歐 

 十 抽 兩 學姊   讚讚 
 
 週末 奶子",
M.1744988324.A.AA5,"中時 新聞網 
2025/04/18 22:41 
史晏寧 


 21 歲 女星 帳 罵 隊員 歐巴桑   毒舌 貼文 外流 工作 遭 全面 暫停 

　　 日本 女團 早安 少女組 '25 21 歲 成員 北川莉央 近日 個人 帳 遭到 外 
流 帳號 很多 批評 隊友 毒舌 言論 坦承 內容 寫 經紀
 公司 祭出 懲處 暫停 演藝 活動 要求 好好 反省 

　　 近日 北川莉央 個人 小帳 貼文 遭到 外流 內容 包含 抱怨 諷刺 隊友 生田 前輩 今
 天 沒 打招呼 牧野 誇張 舞姿 重重 砸到 麥克風 造成 受傷 前輩 絕
 背後 壞話 笑死 講 完全 歐巴桑 牧野
 綁 雙 馬尾 上火車 嚇人 

　　 北川莉央 小帳 外流 事 所屬 經紀 公司 Up Front  Promotion 發 聲明 表示 近日 
 發現 違反 Hello!  Project 早安 家族 規則 事件 北川 已經 承認 事實 北
川莉央 提出 想要 暫停 活動 考慮到 成員 心情 北川莉央 能夠 反省 重新 
 審視 暫停 活動 段 時間 

　　 北川莉央 道歉 表示 成熟 行為 粉絲 擔心 不
好 感受 真的 非常 抱歉 已經 位 傷害到 成員 當面 道歉 
 網路 流出 內容 北川莉央 解釋 大學 關係 女性 友人 社交 平台 
 互相 分享 日常 工作 內容 交流 過程 寫 誇張 充
 理解 意思 情況 使用 恰當 表達 意識到 非常 輕率 行為",
M.1745025734.A.7F0,"講 
刺魚 簡單 
 難 融入 環境 
 
 靠近 不能 
 發現 
魚 有所 警覺 
 覺得 難 刺中 
 
 刺 
 刺 機會 
 
 刺 魚 簡單 
 先 泡 水 裡 小時 不要 動 
 
魚 自然 放鬆 警惕 
 刺 
 
 狩獵 技巧 
 參考 

--",
M.1745029043.A.B02,"
 台灣 司法 月亮 初一十五 
 
 初一 心情 沒 證據 敢 押 
 
 高層 難 認 知情 
 保 請回 

 十五 毛 賣 沒 證據 想 押 
 
 身為 高層 難 認 事 影響力 
 恐 串供 滅證 嫌 
 收押 禁見 
 
 基本 簡單 講 
 
 感覺 沒 專業 
 現在 想 司法官 過過 乾癮 
 筆試 畫 C
 應該 考 
----
Sent  from",
M.1744967839.A.75D,"真 敢 相信 兩 小孩 媽媽 當初 2016年 審 勞基法 一例一休 特休假 案
子 林 簽到 離開 党 奮鬥 最後 
 
 遭到 自由時報 記者 曾韋禎 發文 抨擊 享用 民進黨 資源 聖人 背叛 
 民進黨 最後 公開 林淑芬 兒女 姓名 
 
 最後 臉書 道歉 求 党媒 撤下 兒女 姓名 當時 禮貌 鄉民團 講話 
 
 
 如今 看來 林 已經 徹徹底底 融入 党 言行 舉止 党 行動 真的 可悲 
 
 兩 孩子 媽 罵 臭 俗仔 知道 小孩 想 全 臺灣 父
 母親 看到 媽媽 教導 孩子 謾罵 
 
 種 做法 像是 小時候 現在 討厭 種 明明 敢 
靠背 孬 爛 
 
 發生 年紀 小朋有 身 霸凌 水池 旁 知道 敢 跳下去 游 
泳 高 牆 旁 知道 敢 跳 臭俗仔 
 
 成熟 思考 小朋友 容易 賭氣 真的 跳下去 最終 可能 造成 遺憾 .... 
 
 林淑芬 教導給 兩 小朋友 方式 林淑芬 示範 全 國 父母 
 親 教導 小朋友 方式 
 
 真的 太 可悲 ... . 
 過去 抱不平 真的 言 

--",
M.1745029924.A.D97,"題 
 坐 書桌 前 
 突然 2 隻 鳥 飛到 陽台 欄杆 
 陽台 拉 屎 走 
 鳥 陽台 拉屎 注意 
 沒 八卦 


--",
M.1744993001.A.EAE,"245% 關稅 中國 真實 社會 現狀 奉陪 到底 變成 惡夢   工廠 關停 潮 捲 全 國  億 丟 飯碗 
 月薪 跌回 解放 前",
M.1744989317.A.D9B,"

 今天 看到 4 篇 文 

1 . 高雄 “ 公民 團體 ” 莫名其妙 警察 帶走   高齡 85 歲 照樣 帶走 

2 . 高雄   高師大 門口   便衣 條子   抓 抓   強制 壓上 警車 載走 

3. 電腦 公司 玩不起   活動 翻車   電腦   提告 活動 參與   被告 支付 千萬 訴訟費 

4 . 繼承 20 前 死亡 親屬 1000萬 負債   銀行 態度 硬   收 筆 錢   輩子 銀
行 牛 馬 




 既視感 

 超像 賭博 默示錄 欸 
 
 灌 莫須有 罪名 
 
 欠 錢 
 
 逼 財團 

 簽下 賣身契 

 工作 永遠 




 情況 

 八卦 

--",
M.1744970759.A.77E,"柯文哲 說詞 
 民進黨 派 中間人 跑來 牽勾仔 
 民進黨 願意 珊昌 配 
 陳永興 電話 
 聯絡 陳永興 
 主動 撥給 陳永興 

“ 陳永興 證明 ” 
 柯 陳 說法 一致 
 柯文哲 撥給 陳永興 
 
 覺得 柯文哲 回應 奇怪 
 如果說 民進黨 同意 珊昌配 
 電話 
 賴清德 柯建銘 
 撥給 
 民進黨 不相干 陳永興 
 怪 洨
 
 再來 覺得 動作 設套 
 正常人 第一 反應 
 媽 先 抓 陳永興 電話 中間人 
 出來電 
 告 中間人 擺 第一 
 跑去 先 告 吳錚 
 
 中間人 曝光 實情 
 吳錚 講 字 正確 
 官司 輸",
M.1745029072.A.F53,"信 不信 台北市 發生 群 議員 
 
 蔣萬安 問責 市長 下台 負責 
 
 外面 憨 鳥 掛 布條 警總 復辟 白色恐怖 再現 
 
 發生 暖市 個案 記 次 乖乖 喔 
 
 市長 依然 神遊 天下 太平 ～
-----
Sent  from JPTT  on  my  iPhone 

--",
M.1745034473.A.187,"老夫 好像 3 號 

 戴 8 錶 送 保養 + 拋光 一下 

 沒想到 1 = =

 今天 終於 通知 取 件 = =

 送 2 延長 保固 新 勞力士 隨身袋 真 錯看 ☺",
M.1744960807.A.948,"當年 全民 瘋 RO N 帳號 

 不用 練 合法 黑窗 

 省下來 時間 拿來 唸書 

 話 說回來 

RO 黑窗 掛到 寶物 


--",
M.1744986779.A.5A0,"連戰 鬥藍 趙少康 認為 

 抄名單 
 
 明顯 八卦仔 護航 
 
 趙少康 承認 耶 
 
 智商 正常 
 
 看得出來 種 亡靈 大軍 簽法 
 
 可能 沒 問題 
 
 檢察官 辦 裝聾作啞 ! 
 
 顯而易見 犯罪 裝聾作啞 
 
--",
M.1745040302.A.1B9,"剛剛 You Tube 
 中國 古代 歷史 
 很多 元朝 後面 加害 漢人 
 漢人 滅 元朝 建立 明朝 
 後來 明朝 變成 加害人 加害 百姓 
 最後 滅 
 種 歷史 屢見不鮮 
 最近 發生 
-----
 Sent  from JPTT  on  my  iPhone 

--",
M.1744985728.A.D02,"發現   寫 小說   寫 散文   寫信   表現 
 
 算 基本 數學   不行 
 
 常常 亂算 通 
 
 後來 想通 一點 釋懷 


 文組 


--",
M.1744965731.A.FBC,"幹你娘 
 
 非核 家園 真的 有夠 白癡 
 
 媽 隨便 找 胸腔 外科 醫生 
 
 問 一下 
 
 近  肺 腺癌 有沒有 媽 年輕化 
 
 幹 你娘 機 掰 
 
 以前 肺 腺癌 65 歲 專利 
 
 現在 不時 聽到 30 歲 
 
 隨便 一下 LDCT 

 低能兒 

 幹你娘 
 
 媽 非核 時侯 
 
 操 

 操 媽 非核 家園 
 
 低能兒 
 
 看到 篇 文 
 
 最好 媽 一下 
 
 肺 長 台灣 價值 

 幹 

--",
M.1744982719.A.B3A,17:39 2025/04/18  中時  林偉信,
M.1744989337.A.022,"梨泰院 事件 
 
 事件 
 
 影片 越來越 
 
 推特 影片 超級 恐怖 
 
 擠到 死 堆 
 
 梨泰院 事件 八卦 
 
--",
M.1744957909.A.DBB,"台灣 綜藝 節目 主持 風格 長期 淪於 腥羶色 
 
 努力 等級 提升到 美式 幽默 
 
 場景 帶到 網球 女 選手 次 揮擊 聲 大聲 
 
 女 網球 選手 回到 家 
 
 開 冰箱 喝 飲料 
 
 發出 打網球 吼叫聲 ! 
 
 搞笑 
 
 台灣 境界 ? 

--",
M.1744979897.A.A3B,"1 . 媒體 來源 : 

風 傳媒 

2 . 記者 署名 : 

 戴祺修 

3 . 完整 新聞 標題 : 

 幕後 蔣萬安 提 倒閣 沒 逼 宮 藍營 罷免 情勢 不妙 　 朱立倫 接 接 球 成 政治 豪賭 

4. 完整 新聞 內文 : 

 一連串 死亡 連署 司法 動作 終於 國民黨 中央 主席 朱立倫 坐不住 17日 晚間 6時 
 發動 支持 集結 台北 地檢署 北檢 外 朱立倫 改 溫良恭儉讓 翻過 拒馬 抗議 外 台
北市長 蔣萬安 不顧 警察局長 李西河 活動 違法 集會 決定 出席 跌破 眼鏡
",
M.1745039963.A.D47,"老 職弟 出門 散心 
 
 店家 看到 隻 浪浪 
 
 摸 兩 四體 大開 露出 蛋蛋 屁眼",
M.1744980818.A.0B3,"肥宅 晚安 R  o'_' ; o

 偶 盆友 船賴給偶 
 
 看到 女森 
 
 五官 端正   眼 ㄋㄟㄋㄟ 
 
 身材  >///<
 
 鼻子 顆 痣 ==

 問 一下 八卦 肥宅 
 
 顆 痣 扣分 
 
 面相 上面   種 女森 特徵 
 
 喜 翻 ㄘ 香菜 
 
 八卦 ?  o'_' ;",
M.1744965074.A.DFD,"餓死 抬頭 
 
 肥宅 攜 家 帶 眷 大阪 自由行 
 明後天 海遊館 機場 之外 
 已經 沒 行程 跑 
 感覺 景點 已經 
 京都   奈良   心齋橋   動物園   天王寺   大阪城 
 行程 排 
 大阪通 救救 

 對了 
 肥宅 2 1 推 推車 
 
 卦 

--",
M.1744990986.A.D25,"おおおおおおおい 

 皆 さん ～だがほ

わし 冠宇 ですら～

 事情 　

 知道 　 八卦 肥宅 　

 單線道 快 紅燈 場景 
 
 碰到 種 機掰 

１ ． 正常 速度 開 　 直走 　 看到 黃燈 打燈 發現 急 踩 煞車 

２ ． 慢慢 開 　 看到 黃燈 加速 　 留 第一 紅燈 

３ ． 馬自達 車主 　塞 路 造成 交通 堵塞 
 
 覺得 　 種 　醉 雞掰 
 
 乾屋 八卦 

--",
M.1745019616.A.368,"自慰 中國 數學 從來 沒 領先 西方 
 以前 領先 後來 追上 落後 
 從頭到尾 沒 領先 真相 
 
 截圖 講 測量學 整體 數學 
 測量學 只不過 數學 領域 底下 分科 
 分科 追 近似值 領先 等於 整體 數學 領域 領先 
 
 西元 前 古希臘 歐幾里得 發展出 公理 證明 體系 
 中國 數學 已經 完全 落後 西方 術 道 差距 
 落後 兩千多 狠狠 甩開 今天 落後",
M.1744979806.A.9D5,"1. 媒體 來源 : 公視 新聞網 
2. 記者 署名 : 林健生   王龍韜 
3. 完整 新聞 標題 : 詐團 勾結 記帳士 設 21 人頭 公司   不法 所得 達 1.5億 元 
4. 完整 新聞 內文 : 

 發布 時間 2025/4/17 14:23  更新 時間 2025/4/17 15:59 

 台中 詐騙 集團 名 記帳士 勾結 銀行 申請 21 人頭 公司戶 假 投資 被害人 匯款 
 檢警 （2024） 7月 啟動 搜索 帶回 陳姓 主嫌 12 初步 清查 被害人 10多 不法 
 金額 達 1.5億 元 大多 退休 民眾 詐騙 3000多萬 元 警方 表示 銀行 個
 人戶 防 詐 嚴格 詐騙 集團 記帳士 勾結 方便 提領 筆 金額 

 警方 進到 透天厝 逮捕 詐騙 集團 陳姓 主嫌 警方 搜出 手機 公司 大小章 證物 逮捕 
 共犯 

 警方 調查 陳姓 主嫌 為首 詐騙 集團 具有 記帳士 證照 莫姓 女子 勾結 銀行 申請 
 達 21 人頭 公司戶 全 假 投資 被害人 匯款 莫姓 記帳士 身分 
 隱匿 金流 躲避 銀行 阻詐 

 台中市 刑大 偵四隊 隊長 唐惠政 說明 匯入 金額 記帳士 沒辦法 解釋 
 相關 人士 匯款 申設 公司 行號 帳戶 認為 廣 設 公司 行號 正常 
 商業 行為 

 警 方 表示 全 國 積極 詐 銀行 端 個人戶 提領 筆 金額 提高 警覺 名 記帳士 利用 
 公司 貨款 工程款 名義 銀行 提領 筆 現金 警方 去年 7月 啟動 搜索 一舉 逮捕 
12 不法 金額 達 1.5億 檢方 起訴 10 

 律師 指出 記帳士 協助 納稅 義務人 記帳 納稅 協助 犯罪 涉及 刑責 犯罪 
 所得 追償 

 律師 徐承蔭 指出 記帳士 執行 業務 過程 之中 知道 納稅 義務人 公司 
 行號 從事 不法 行為 可能 知道 公司 犯罪 行為 覺得 沒關係 
 可能 幫助 犯罪 共犯 情形 裡面 

 律師 表示 記帳士 從事 業務 明知 不實 事實 協助 犯罪 構成 刑法 詐
欺 罪嫌 涉及 偽造 文書 洗錢 防制 法 參與 犯罪 分工 涉及 組織 犯罪 條
 例 記帳士 資格 遭 除名 

 黃瑀喬 / 編輯 

5. 完整 新聞 連結   短網址 不可 YAHOO LINE MSN 轉載 媒體 :",
M.1744969889.A.8E9,"聯合 

影 ／ 玉管處 認了 黑熊 咬死 家狗   會同 專家 捕捉 野放 

 2025-04 -18 15:42   聯合報 ／   記者 江良誠 ／ 南投 即時 報導 
 
 花蓮縣 卓溪鄉 中正 部落 工寮 傳出 黑熊 入侵 吞 吃 繫綁 3 隻 飼養犬 鄉民 人心惶惶 玉管
處 表示 黑熊 軌跡 判斷 應 玉管處 委託 台灣 黑熊 協會 調查 成年 公 熊 玉管處 專家 
 討論 放置 相機 監測 發現 黑熊 捕捉 重新 野放 

 玉管處 保育 台灣 黑熊 有成 最近 頻傳出 黑熊 蹤跡 主要 活動 區域 園區 東部 花蓮縣 卓溪 
鄉 山區 最多 近來 玉山 主峰線 塔塔加 楠梓仙溪 南橫 梅山 發現 黑熊 身影 總數 約 20
0 300 隻 之間 山友 登山 遇見 黑熊 黑熊 活動 靠近 山區 部落 入侵 農場 捕食 飼養 
 家禽 偷吃 蜂蜜 

 玉管處 表示 次 黑熊 吞 吃 犬隻 第一 次 發現 畢竟 犬隻 吠叫 攻擊 黑熊 接近 
 人類 聚落 比較 小心 動靜 調頭 離開 去年 4月 玉管處 巡查員 瓦拉米 步道 
 山風 2號 吊橋 瀑布 旁 發現 死亡 黑熊 個體 2021年 委託 屏科大 教授 黃美秀 團隊 繫放 
 追蹤 BB03 刀疤斯 左側 胸腔 背側 發現 子彈 應 遭 盜獵 射殺 

 玉管處 台灣 黑熊 保育 協會 合作 長期 研究 台灣 黑熊 黑熊 軌跡 判斷 隻 公 熊 應 112
 113年度 間 繫放 黑熊 個體 

 玉管處 表示 林保署 提供 影片 隻 公 熊 活動 外觀 尚 屬 正常 受傷 情形 
 研究 黑熊 戴 項圈 1 3 自動 脫落 玉管處 發現 項圈 故障 無法 順利 下載 
 黑熊 軌跡 研究 團隊 次 項圈 軌跡 消失 地點 搜索 包括 清水 部落 南安 地區 周邊 獲 
 

 玉管處 林保署 合作 接獲 通報 研究 團隊 即時 通報 地點 周邊 放置 簡訊 相機 
過 黑熊 活動 範圍 廣 天 行走 30 40 公里 範圍 覓食 難以 順利 捕捉 

 目前 隻 黑熊 係 林保署 先 驅趕 玉管處 專家 討論 放置 相機 監測 發現 黑熊 回來 
 立即 捕捉 解下 頸圈",
M.1744993643.A.EE8,"最近 沒 好看 電影 
 
 比較 有趣 好像 兩 部 

 無線 殺機  vs  復仇 反擊戰 
 
 已經 看過 推薦 一下 
 
 部 比較 精彩 ? 

--",
M.1744964445.A.722,"欸 
 老闆 本來 康熙朝 太子 胤礽 
 太子 一直 八爺 對付 
 鬥爭 限於 皇子 之間 
 大臣 過多 牽涉進去 
 
 後來 八爺 胤禩 誘審 肖國興 指認 太子 
 八爺 黨 老 十四 胤 偽造 手諭 誣陷 太子 
 太子 司法 迫害 搞 下去 八爺 加封為 郡王 
 
 八爺 陷害 太子 事 康熙 知悉 
 太子 復立 八爺 失去 聖心 
 
 次 上位 太子 知道 吃錯 藥 
 砲火 對準 朝臣 找 支持 八爺 官員 麻煩 
 報復 八爺黨 司法 迫害 
 幫 老臣 勸戒 反 罰跪 老四 胤禛 氣走 

 現在 太子 腦筋 動到 皇上 身 
 好像 政變 逼 皇上 退位 跡象 
 船 
-----
Sent  from  Meow Ptt  on  my  iPad 


--",
M.1745041481.A.521,"老實說 家 三角 飯糰 
 價位 60 ~ 70 左右 
 飯糰 算 工整 精緻 
 賣爆 
 能夠 負擔 五萬 房租 
 
 不起眼 社會 新聞 
 證明 高雄 民生 經濟 越來越 活絡 
 
 歐洲人 夜市 賣 蛋糕 
 紅 很多 夜市 沒 排隊 
 
 證明 
 台灣 窮途末路 真的 難 
 
--
 
 欸   真的 
                   
 ... 
 ! 

--",
M.1744975765.A.4D8,"倒閣 藍 綠 雙贏 
 行政院長 下臺 清德宗 宣布 解散 國會 
 藍營 直接 適任 院長 抓下來 
 綠營 直接 罷掉 藍 白 立委 
 整 立法院 生態 重組 
 罷免 一直 想要 
 綠營 應該 支持 
 說對 
 
--",
M.1744977495.A.BF6,"其實 美國 應該 照顧 美國 自己人 
 想 
 間 工廠 假設 基層 員工 主任 經理 協理 總經理 
 
 假設 帶 10 
1 總經理 10 協理 
10 協理 100 經理 
 100 經理 1000 主任 
 1000 主任 10000 基層 員工 
 
 美國人 原本 協理 總經理 
 管理 亞洲 供應鏈 眾多 員工 
 美國 白領 有錢 
 沒 錢 中西部 窮 州 
 海 
 
 美國 應該 人口 流動 
 美國 混 下去 
 很多 機會 國外 主任 基層 員工 
 美國 椅子 經理 坐 
 國家 本事 
 歡迎 美國 經理 
 賺 金融 賺 亞洲 供應鏈 錢 
 
 現在 窮人 美國人 走 
 選票 
 選出 智障 恢復 製造業 
 搶 越南 製鞋 生產線 
 搶 消費 電子 生產線 
 知道 
 
 趕快 弄 管道 窮人 美國人 出國 教 英文 
 東南亞 外國人 英文 優勢 找 工作 
 整體 流動 
 
 選 正解 




--",
M.1745036039.A.8A7,"美國 重要 智庫   陸軍 戰爭 學院 UAWC 2021年 發表 下載 次數 最多 論文 提議 

 台灣 美國 指導 序 台灣 南北 晶圓 廠區 完全 炸毀 美國 發射 善意 飛彈 協助 炸毀 

 台灣 晶圓業 全 毀 搞不好 中國 覺得 台灣 失去 佔領 魅力 
 
 台海 有事 外交 介入 一定 記者會 問到 發言人 回答 記者 問題 算是 種 外交 介入 

 美軍 第一 時間 一定 畢竟 撤僑 

 幫 台軍 代為 作戰 懲戒 壞壞 中國 
 
 川大帝 台海 戰事 美國 晶圓業 大大 好事 嘻嘻",
M.1744979314.A.862,棄,
M.1745001426.A.D64,"愛 罷免   大安 419 民主 音樂 宣講會   雙 北 罷團 大聯合   連署書 守護 民主 
 
 Newtalk 新聞   | 劉福全   綜合 報導 
 
 [ Newtalk 新聞 ]   全 台 罷免潮 遍 烽火 第二 階段 連署 進入 最後 衝刺 階段 率先 宣布 階 
 連署 達標 發起 罷免 國民黨 立委 羅智強 大安 強強 滾 團隊 19日 舉辦 愛 罷免 
 大安 民主 音樂 宣講會 邀請 民眾 音樂 宣講 連署書 一起 守護 民主 

 階 最後 衝刺 雙北 罷團 聯合 大安 強強 滾 表示 19日 下午 2點 晚上 9點 北
市 安和路 一段 敦化南路 口 帶來 場 結合 音樂 宣講 盛會 愛 罷免   大安 民
 主 音樂 宣講會 雙北 選區 鬥陣 連署 花蓮 罷 傅崐萁 代收 公民 音樂 團體 
   重量級 金曲 創作人 重磅 民主 旗手 護 台 反共   大獻唱  ×  宣講 

 反共 護 台大 宣講 名單 包括 聯電 創辦人 曹興誠 民進黨 立委 陳培瑜 范雲 台北市 議員 王
閔生 簡舒培 趙怡翔 政治 評論員 陳柏惟 

 護 台 反共 獻唱 陣容 包括 流氓 阿德 台語 金曲 歌王 楊舒雅 饒舌 音樂 創作人 黃
靜雅 傳藝 金曲獎 最佳 作詞人 宋楚琳 橘子 20  超級 星光 大道 亞軍 裝咖人 
Tsng-kha-l âng 獨立 音樂咖 圓仔花 樂團 獨立 音樂咖 青鳥 管絃 樂團 大安 強 
強滾 合唱團 

 大安 強強滾 指出 音樂人 造哥 史萊姆特 罷免 譜曲 作詞 專屬 羅智強 
 麥 擱 甲 騙 曲 明天 愛 罷免   大安 民主 音樂 宣講會 全球 首發 齊唱 
 

 大安 強強滾 日前 推出 罷免 金曲 站鬥陣 短短 數 天 突破 萬 次 點閱 19日 
 愛 罷免   大安 民主 音樂 宣講會 大安 強強滾 合唱團 首度 現場 獻唱 站 鬥陣 
 邀請 現場 一起 放聲 高唱 唱出 台灣 民主 熱愛 

 大安 強強滾 強調 場 愛 自由 民主 正義 嘉年華會 音樂 宣講 
 連署書 傳達 滿滿 信念 安定感 關鍵 時刻 音樂 傳達 理念 愛 參與 政治 
 一起 守護 民主 溫柔 堅定 方式 守護 台灣",
M.1745034766.A.5AC,"1. 媒體 來源 : 
 青年日報 

2. 記者 署名 : 
 丘學陞 

3. 完整 新聞 標題 : 
 波蘭 本土 升級 F-16 V  鞏固 空防 戰力 

4. 完整 新聞 內文 : 

 記者 丘學陞 ／ 綜合 報導 

 波蘭 副國防部長 貝吉達 16日 宣布 波蘭 本土 設置 廠房 設備 波蘭 空軍 48 架 
F-16 C/D 批次 52+ Block  52+ 戰機 升級 F-16V 性能 標準 發揚 先進 電戰 系統 打擊 
 戰力 效能 鞏固 波蘭 空防 應對 俄羅斯 軍力 威脅 

 發揚 先進 電戰 系統 打擊 效能 
 
 軍聞 網站 保加利亞 軍事網 Bulgarian  Military.com 報導 波蘭 去年 獲得 美國 國 
務院 許可 波軍 F-16 戰機 進行 中期 延壽 性能 提升 MLU 波蘭 國防部 
手 擴建 第2 軍用 航太 工程 廠 WZL-2 預計 7月 獲得 美方 同意 便 國 進行 
 升級 改裝 作業 

 波蘭 2002年 簽署 和平 天空 Peace   Sky 計畫 2006年 2009年 間 陸續 接裝 
36 架 單座型 12 架 雙座型 F-16C/D Block  52+ 戰機 鑑於 俄軍 近年 配備 新型 Su-35 戰機 
 S-400 防空 系統 波蘭 決定 啟動 升級 戰機 換裝 AN/APG-83 變 敏捷 波束 雷達 
SABR 雷達 新型 航電 任務 電腦 座艙 資料 鏈 第2 代 聯合 頭盔 瞄準 系統 JHMCS II
 整合 AN/ALQ-254 V)1 蝮 蛇 盾 Viper  Shield 電戰 系統 搭配 新一代 先進 武
 裝 應對 區域 對手 武力 威脅 

F-16 戰機 製造商 洛馬 公司 完成 性能 提升 裝備 新 機載 系統 機體 賦予 蝮蛇 
Viper 暱稱 成為 F-16V 構型 擁有 F-16   Block  70/72 相近 規格 航電 系統 戰力 獲 
得 我國 全球 國 採用 性能 深 獲 肯定",
M.1745034097.A.2AB,"欸 欸 題 拉 
 
 共諜 偽造 文書 
 孰 輕 孰 重 
 傻子 知道 
 
 問題 
 
 挺 共諜 挺 成 
 共諜 代表 敵營 確定 
 敵營 需要 安插 共諜 
 贏 
 次 贏 
 
 種 挺 共諜 論述 
 到底 哪來 臉 嗆 偽造 文書 

--",
M.1744972108.A.089,"朋友 小安 跳 啦啦隊 位 次 韓 大戰 問 要不要 幫 中華隊 應援 

 支持 中華隊 礙於 身分 不要 下場 應援 好了 

 當下 覺得 小安 帥 兩 得罪 

 小安 帥 掛 

--",
M.1744968982.A.6BF,"1. 媒體 來源 : Newtalk 

2 . 記者 署名 : 張柏源 

3 . 完整 新聞 標題 :   影 北檢 外 藍營 支持 暴力 曝光   四叉貓 遭 包圍 辱罵 淋頭 爆 砸 水瓶 

4. 完整 新聞 內文 : 
 國民黨 動用 青年軍 系統 民進黨 立委 發動 罷免 爆出 幽靈 連署 狀況 涉嫌 偽造 文書 國
民黨 地方 黨部 台南 檢調 一路 查到 雙北 17日 台北市 黨部 主委 黃呂錦茹 帶回 調查 
 國民黨 主席 朱立倫 號召 黨公職 赴 台北 地檢署 聲援 黃呂錦茹 藍營 民代 推倒 現場 拒馬 強
 闖 管制區 網紅 四叉貓 前往 現場 週邊 開 直播 竟 遭 批 藍營 支持 包圍 辱罵 現場 
 罵聲 此起彼落 失控 民眾 四叉貓 潑灑 飲料 飲料瓶 狂 砸 相關 影片 曝光 引爆 
 網友 怒火 

 朱立倫 17日 中午 下達 黨公職 動員令 北檢 門口 集結 聲援 遭 調查 黃呂錦茹 晚間 北檢 
 周邊 湧入 數百 群眾 人潮 愈來愈 情緒 越來越 高昂 台北市長 蔣萬安 桃園 市長 張
善政 赴 現場 活動 未 申請 許可 台北市 警局 出動 數百 警力 周邊 維持 秩序 
 警方 舉 牌 警告 違法 集會 要求 群眾 愛國東路口 陳抗區 前進 群眾 不為所動 警方 
 廣播 舉 牌 勸離 群眾 報以 噓聲 出現 支持 強 拆 鐵馬 護欄 想 闖入 管制區 警
方 發生 推擠 衝突 狀況 

 四叉貓 當天 晚 間到 抗議 現場 參觀 開 直播 遭到 藍營 支持 威脅 妳 安全 妳 趕
 快 走 不要 到時候 揍 哭 藍營 支持 四叉貓 破口大罵 持續 
口 出 惡言 謾罵 人妖 不要臉 傢伙 綠色 畜生 無恥 敢 
 不斷 飆罵 髒話 藍營 支持 情緒 失控 水 上前 四叉貓 頭頂 淋下去 甚
 作勢 四叉貓 旁 起鬨 叫囂 

 政治 工作者 周軒 深夜 透過 臉書 轉發 網紅 阿楚 分享 Threads 影片 網友 看到 影片 
 痛 批 告   倒 水 太 過分 根本 糟蹋 群 
 太陽花 青鳥 暴民 台灣 醜惡 面 用詞 妥妥 人身攻擊 
 快 氣瘋 貓貓 加油 支持 貓貓 提告 攻擊 太 可惡 貓貓 提告 
 年終 入 袋 至少 公然 污辱 真的 生氣 真的 爛 透 

5. 完整 新聞 連結",
M.1745028038.A.CA4,"種 問題 派 北檢 檢察官 解決 
 
 北檢 懂 國際法 懂 貿易 懂 關稅 根本 重點 
 
 派 北檢 根本 需要 旁枝末節 

1.  先 約 川普 密室 隨便 找 間 錄音室 消失 小時 跑 免得 到處 放話 
　  談判 半夜 精神不繼 頭昏腦脹 施壓 最好 水 喝 
2.  全程 我方 決定 錄音 錄影 中斷 
3.  中斷 錄音 先 句 美國 混 糊弄 過去 試試 
　  川普 知道 台灣 欺負 今天 談 道理 台灣 不會 客氣 
4.  禮 靶 臺積電 搬去 AZ 容積 獎勵 一定 問題 快點 自證 其罪 
    相信 能不能 解僱 聯準會 主席 知道 搞 清楚 狀況 川普 一定 心慌 
5.  動 情 想不想 斯姆特霍利 想 引起 世界 大戰 乖乖 降下 關稅 
6.  談判 結束 以後 透過 週刊 放話 剛剛 會議室 拿到 川普 USB 裡面 很多 loli♀ 
　  美國 現在 DOGE 瘋狂 程度 想必 FCC 視為 美版 NCC 運作 影響 
　  知道 現在 90% 美媒 川普 敵意 媒體 難道 不會 大肆 報導 USB 
    川 普 收押 進 監牢 吃 全 美 罷免 
 
 問 台灣 北檢 談判 


--",
M.1745039367.A.8A1,"覺得 台灣 不要 底蘊 比較 

 
 分析 之前 眾多 板友 意見 題 算 經文 像是 戰爭 文創 非常 好用 
 種 題材 日本 中國 戰國 三國 時代 比較 常見 二創 作品 故事性 強 魏 晉 
 南北朝 歷史 長 戰爭 很多 故事性 高 太 出圈 
 
 幾千 歷史 大大小小 戰爭 找到 國家 對抗 國家 主人翁 個性 差異 
 段 歷史 故事性 
 
 放眼 全 世界 根本 台灣 戰爭 輾 本土 勢力 馬上 擊敗 玩 


 梵蒂岡 台灣 驅 魔 題材 常常 使用 Why  ?  因爲 代表性 文化 夠 單一 
 台灣 新加坡 民族 宗教 大雜燴 代表 宗教 難 玩 宗教 好用 題材 十字 
軍 東征 例子 


 台灣 文創 問題 缺乏 底蘊 面向 問題 底蘊 無法 解決 面向 
 
 
 第一 台灣人 個性 太過於 矜持 無法 創新 永遠 借鑒 
 
 台灣 文創人 投入到 韓 架構 台灣人 眼睛 比較 高 常常 外 
銷 國際 指標 看下來 
 
 卡哇伊 界 咖波 恐怖 遊戲界 赤燭 符合 標準 舉 兩 例子 


 美國 超級 英雄 文化 興盛 鼻祖 日本 動漫 興 盛 anime
 始 
 祖 
 
 國家 民族性 像是 美國人 崇尚 英雄 主義 有點子 0 1 

 
 韓國 台灣 學 已經 晚 韓國人 知道 韓國 歷史 東西 難以 出圈 
 抗 蠻族 對抗 日本 韓服 
 
 拋開 矜持 全面 走 精緻 文化 身材 練 頂 剛好 韓國人 平均 身高 亞洲 高 
 整形 注重 穿搭 韓流 成功 傳統 文化 融入 韓服 韓食 成功 外銷 
 
 韓國 成功 做到 整合 補助 整合 整體 產業鏈 
 官 民 提供 平台 舉 全 國 力 作品 曝光度 放到 
 
 台灣 作品 曝光度 文創人 講 作品 很多 板友 普通 百姓 知道 
 


 再來 

 同樣 驅 魔 題材 梵蒂岡 天主教 中國 英叔 殺 殭屍 出 圈 
 
 英叔 紅遍 東亞 入 西方 神父 驅 魔 西方 熟悉 鬼片 常 東亞 西方 文化 
 愛 西方 鬼片 
 
 很多 東西 先 老外 喜歡 紅 回來 策略 
 
 
 台灣 沒 底蘊 發現 黑道 文化 歐美 熟悉 東亞 黑道 文化 
 
 極道 殺手 比爾 裡 提到 沒 出圈 
 
 台灣 試 台式 +9 學 義大利 黑手黨 包裝 精緻化 高貴化 西方 試試 水
 溫
 
 本土 導演 老外 導演 合作 看看 
 
 刺青 身材 弄好 負面 因素 盡量 排 毒 
 
 可能 紅 
 
 義大利 黑手黨 相信 義大利人 喜歡 
 
 台灣 拋開 矜持 騙騙 歐美人 
 
 段 亂 講 
 
 大概 粗鄙 想法 
 
 End 


--",
M.1744988039.A.E30,"南韓 國會 彈劾 檢察官 
 美國 很多 州 檢察長 民選 
 台灣 檢察官 為所欲為 
 
 正 訊問   無妨 
 錄影 消失   無妨 
 濫 行 羈押   無妨 
 無限 抗告   無妨 
 交保 逃逸   無妨 
 不當 飲宴   無妨 
 
 顯然 需要 修法 問責 限制 權力 
 
 在野黨 好像 忘 國會 多數 
 
 需要 立法 殿堂 解決 問題 
 
 竟然 路人 北檢 外 抗議 

 
 民主 國家 抗議 經常 
 
 要不要 先 集遊 惡法 修掉 
 
 現在 犬 法官數 不足以 亂 釋憲 喔 
 
 民進黨 長期 主張 幫 實現 一下 
 難道 國民黨 幻想 重返 執政 用到 真的 沒 救 
 
 搞 違法 送辦 真的 笑死 
 
 倒閣 屁用 選贏 照樣 理 


 藍白 忘記 國會 多數 修法 八卦 

--",
M.1744978010.A.CF0,"媒體 聯合 新聞網 

 記者 周辰陽 
 
 標題 
 川普 政治 報復 玩 真的   同黨 參議員 坦承 害怕 
 
 內文 
 
 美國 阿拉斯加州 共和黨籍 聯邦 參議員 穆考斯基 Lisa   Murkowski 近日 透露 川普 總統 政治 報復 威脅 確實 存在 足以 公開 談論 關稅 行政 命令 裁減 聯邦 機構 開支 感到 焦慮 
 
 路透 17日 報導 穆考斯基 家鄉 舉行 營利 組織 部落 領導人 峰會 害怕 停頓 大約 5 坦承 句 話 分量 輕 正 過去 肯定 經歷 時代 環境 補充 道 告訴 常常 發聲 感到 非常 焦慮 報復 真 
 
 穆考斯基 當時 回應 民眾 提問 川普 顧問 正在 推行 政策 變動 感到 害怕 阿拉斯加州 安克拉治 每日新聞 報 錄下 穆考斯基 講話 傳到 網路 白宮 發言人 羅傑斯 Taylor   Rogers 聲明 表示 川普 總統 唯一 報答 美國 人民 成功 歷史性 成就 

 安克拉治 每日新聞 報 報導 穆考斯基 批評 川普 第二 政府 推行 政策 變動 政府 服務 削減 方式 部分 作法 稱為 非法 反對 部分 同黨 成員 減稅 財源 正 尋求 全 面 削減 低收入 民眾 聯邦 醫療 補助 Medicaid 健保 計畫 

 路透 指出 穆考斯基 少數 一直 願意 批評 川普 政策 反對 部分 內閣 提名 人選 投票 推翻 加拿大 關稅 共和黨 參議員 川普 國會 山莊 暴亂 事件 度 遭到 彈劾 7 位 投票 判決 有罪 共和黨 參議員 3 前 選舉 打敗 川普 支持 黨籍 挑戰 

 網址",
M.1745040544.A.3CB,"南 蠻野人 
 契約 精神 
 北部 約 滿 漲 租 
 店家 接受 續租 
 聚好散 
 無良 房東 
 簽 漲 租 
 拒絕 跑去 砸 店 
 鬧 生意   有夠 沒 品 
 地段 
 北市 地段 復興北路 
路 堆 店家 門口 貼 租字 
 
-----
 Sent  from JPTT  on  my   Xiaomi 23049 PCD8 G.

--",
M.1744971541.A.139,"ETtoday 

 25 歲 印度 男 熟睡 遭 蛇 咬死 　 驗屍 報告 揭 反轉 妻 小王 謀殺 
 
 記者 王佩翊 ／ 編譯 
 
 印度 名 25 歲 男子 深夜 熟睡 身 10 處 慘遭 毒蛇 咬傷 家人 發現 早已 陳屍 床 
 家屬 最初 懷疑 場 悲劇 意外 警方 深入 調查 發現 案情 出現 驚人 反轉 竟是 
 死者 妻子 情夫 聯手 設局 謀殺 
 
 印度 通訊社 報導 離奇 命案 發生 北方 邦米拉特市 阿克巴普爾村 死者 25
 歲 男子 阿米特 Amit  Kashyap 平時 靠在 工地 工作 養家活口 妻子 育有 3 名 子女 然 
 案發 當天 結束 整 天 工作 回到 家 太 累 吃 口 晚餐 便 上床 休息 沒想 
 隔天 一早 沒 醒來 

 已經 上班 時間 阿米特 依舊 動靜 家屬 便 進 屋 查看 依舊 醒 
 沒想到 掀開 棉被 竟 發現 身 旁 躺 條 蛇 眾人 敢 靠近 找來 捕蛇人 處理 
 捕蛇人 蛇 移開 阿米特 已經 明顯 死亡 家屬 送往 醫院 醫院 確認 
 死亡 

 警方 調查 阿米特 身 至少 10 處 蛇 咬 痕跡 警方 收到 醫院 通知 屍體 送交 法醫 
 解剖 4月 16日 出爐 新 屍檢 整 事件 出現 重大 反轉 阿米特 死因 
 遭 蛇 咬 頸部 遭 施壓 窒息 死亡 身 蛇毒 擴散 跡象 

 警方 立刻 案 轉往 他殺 方向 調查 發現 阿米特 妻子 阿米特 朋友 有染 兩 維持 不
 正當 關係 超過 1 最近 阿米特 發現 兩 密謀 策畫 謀殺案 1000 盧
比 約 新台幣 380 元 購買 眼鏡蛇 殺害 企圖 製造 阿米特 蛇 意外 咬死 假象",
M.1745030361.A.3E5,"停車場 警衛 指認 描述 應該 不會 誤 問題 警察 根本 調閱 監視器 確認 好笑 
 
 調閱 通常 臉部 特徵 明顯 可能 誤判 調閱 動用 警察 人數 太多 抓 毒品 加上 撞車 逃逸 罪嫌 辦案 兩三 那麼多 請問 閑 沒 事 


-----
Sent  from JPTT  on  my  Samsung  SM-A336 E.

--",
M.1744980786.A.030,"說到 台灣 司法 制度 奇葩 地方 
 小六 有沒有 滿 12 歲 
 沒 滿 恭喜 刑法 處理 
 回到 學校 端 教育 輔導 
 
 滿 12 進到 少年 法院 
 判刑 不會 留下 案底 
 執行 完畢 案底 塗銷 
 尾 活龍 
 
 未爆彈 發生 
 
 台灣 犯罪 真 友善 
 
--",
M.1745039855.A.1DC,"史書 記載 
 劉邦 項羽 攻 齊 
 派 56萬 聯軍 項羽 大本營 彭城 
 項羽 派 3萬 騎兵 回 防 
 劉邦 56萬 大軍 全 擊潰 
 強大 戰神 
 明明 得到 整 天下 
 沒想到 結局 竟然 逆轉 
 知道 回 事 
 根本 整 廢 笑 
 
 沒 發現 項羽 3萬 打贏 劉邦 56萬 猛 
 強大 
 最後 天下 拿到 
 真是 豈有此理 

--",
M.1744970570.A.158,哥  聽 貴陽 花果園 ?,
M.1744982851.A.6CD,"今天 控訴 民眾黨   可能 比較 麻煩 
 KMT 未必 藍 基本盤 
 時間點 ~~~
 
   前 陣子 
 現在 KMT 中央 愈來愈 衰弱 地方 愈來愈 強 
 如果說 地方 勢力 全 惹毛 
 
 接下來   真的 
 歡樂 ~~~

--",
M.1744964699.A.292,"覺 起來 
 
 喪失 記憶 
 張角 
 太平 
 
 請問 到底 ? 
 
 太平 ? 
 
 方面 八卦 ? 
 
 謝謝 ! 

--",
M.1744981130.A.CFE,"之前 網飛 改 密碼 

 分鐘 之後 

 叔公 line 訊息 不能 
 
 以前   沒 抓 戶 
 
 重點 帳號 分享給 嬸婆 
 
 媽   有時候 出現 在線 人數 過多 
 
 認命 繳 兩百 塊 人頭 
 
 方法 
 

--",
M.1745028255.A.A2C,"想 請問 一下   東七七 賣到 湖人 之後   表現 起伏伏   獨行俠隊 種 超 誇張 表現 ? 
 
 老詹 關係   老詹 好像 明星 球員 弱化 靈氣   合作 球員 表現 變 差 
 
 老詹 退役  東七七 真正 能夠 湖人 大放異彩 ? 
 
 請問 真的 愛 喝 糖 飲料 吃 零食 ? 


--
 雲林 支廳 主計 今村平藏  日記 蠻煙瘴雨 日記 書 記述   殖  雲林 大屠殺 慘況 
 
 兵 煙 之下 無不盡 成 肉山 血河 良匪 復 未 辨 薰蕕 幾千 房屋 竟 付諸 一炬 無數 
 生靈 頃刻 間 成 斬首 台 怨魂 九芎林庄 成為 焦土 村民 血肉 飛散 變作 慘絕人寰 
 地獄 石榴班 海豐崙 殺戮 燒 焰 腥風 捲 煙 陽光 淒然 但見 雲林 斗六 地方 
 殘煙 死灰 未 滅 滿 眸 極其 酸鼻 令 暢然 自失 大有 天柱 折 地維 裂 概 
 
--",
M.1744994418.A.16D,"大乘 心經 
 大乘 了解 
 毋 敢 亂 講 
 
 毋 ‘ ’ 五蘊 ‘ ’ 佇 我學 原始 / 早期 佛教 
 簡單 講 
 色 肉體 遮 物質 部分 
 受 想 行識 心理 活動 
合 起來 = 身心 
 
佇 佛教 內底 
 看做 五蘊 暫時 結合 
 過身 五蘊 崩解 
無 
 
 賰 五蘊 猶 結合 時陣 造 業 
 繼續 因果 法則 輪迴 
 
 五蘊 怎來 
 根本 無明 無知 
 驅動 貪 瞋 癡 毒 造 業 
 業力閣 推動 輪迴 產生 新 五蘊 
 
 五蘊 "" "" 
 色 無我   受想 行識 無我 
 
 生 "" "" 
 過身 以後 靈魂 抑是 真我 
 攏 
 "" "" 五蘊 猶 結合 出現 款 感覺 爾
 
 敢 蠟燭 火 燒 真 旺 
 其實 根本 蠟燭 業 火 
 火 毋是 靈魂 抑是 物 主體 
 蠟燭 火   蠟燭 火 熄 
 因果 法則 
 
 學 佛教 
 認為 輪迴 本質 苦 
 目標 愛 修 甲袂 受著 無明 佮 貪 瞋 癡 控制 造 業 
 涅槃   完全 自由 
 
 參考 覓 
 

-------- 

 
 大乘 心經 
 大乘 了解 
 敢 亂 講 
 
 ‘ ’ 五蘊 ‘ ’ 我學 原始 / 早期 佛教 
 簡單 講 
 色 肉體 物質 部分 
 受想 行識 心理 活動 
合 起來 = 身心 
 
 佛教 裡面 
 看成 五蘊 暫時 結合 
 過世 五蘊 崩解 
 沒 
 
 剩 五蘊 結合 造 業 
 繼續 因果 法則 輪迴 
 
 五蘊 
 根本 無明 無知 
 驅動 貪 瞋 癡 毒 造 業 
 業力 推動 輪迴 產生 新 五蘊 
 
 五蘊 "" "" 
 色   受想 行識 
 
 在世 "" "" 
 過世 以後 靈魂 真我 
 
 "" "" 五蘊 結合 出現 種 感覺 
 
 好像 蠟燭 火 燒 旺 
 其實 根本 蠟燭 業 火 
 火 靈魂 主體 
 蠟燭 火   沒 蠟燭 火 熄 
 因果 法則 
 
 學 佛教 
 認為 輪迴 本質 苦 
 目標 修 不會 無明 貪 瞋 癡 控制 造 業 
 涅槃   完全 自由 
 
 參考 看看 

--",
M.1745032477.A.686,"早安 
 
 最近 得知 女 同事 懷孕 消息 
 
 穿 着 黑絲 上班 樣子 
 
 想 愛愛 畫面 
 
 請問 變態 

--",
M.1745037462.A.36B,"現在 落實 產地 證明 思想 審查 

 MIT   現在 俱備 台灣 價值 購買 

 國家 瘋 小粉紅",
M.1744960986.A.AD0,"以前 
 集會 遊行 法 惡法 
 現在 好棒棒 
 
 集會 遊行 法 
 到底 惡法 
 優良 法 
 判斷 法 善惡 
 沒 標準 判斷 
 教 法 盲 判斷 
 
 沒 八卦 ? 

--",
M.1744964656.A.93C,"= =

   南無 阿彌陀佛 

   感恩 肥宅 

   人生 沒 興趣 

   玩 hgame 尻尻槍 


   最近 感覺 

   越來越 少 hgame 

   公司化 廠 倒 剩 沒 家 

   同人 社團 消失 

   有時候 明明 看到 社團 越 越 上軌道 

   原本 覺得 穩穩 發片 之後 

   硬生生 消失 


   現在 尻 色色 遊戲 

   尻 感恩 

   南無 阿彌陀佛 祈福   迴 


   南無 阿彌陀佛 

  = =

   南無 阿彌陀佛",
M.1744978267.A.458,"今天 河 看到 雙 整齊 鞋子 
 
 跳河 機率 ? 
 
 條 河 
 
 平常 水 非常 淺 
 
 下雨 漲 起來 
 
 真 跳 
 
 比起 跳河 像是 單純 跳樓 
 
 跳樓 不會 脫 鞋子 

 
 跳河 跳樓 
 
 雙 整齊 擺放 鞋子 河 
 
 可能 
 
--",
M.1744985496.A.1C3,"毋 捌 投 予 蔣 
 袂 假 蔣 支持 
 
 就事論事 
 萬安 正確 
 
 八卦板 
 藍白 支持度 有夠 懸 
 八卦板 真 社會 代表性 
 
 表示 倒閣 
 藍白 席次 凡勢 馬 濟 
 个 真 遠見 
 真 總統 格 


-------------- 
 
 投給 蔣 
 不會 裝成 蔣 支持 
 
 就事論事 
 萬安 正確 
 
 八卦板 
 藍白 支持度 夠 高 
 八卦板 社會 代表性 
 
 表示 倒閣 
 藍白 席次 搞不好 現在 更多 
 遠見 
 總統 格局 
 
--",
M.1745027886.A.E86,:,
M.1745043185.A.519,"日本 現在 鬧 米慌 
 傳說 日本 考慮 進口 美國 米 
 台灣 米 生產 過剩 
 日本 沒想到 臺灣 買 台灣 米 解 米 慌 

 八卦 
-----
 Sent  from  JPTT  on  my  iPhone 

--",
M.1744992463.A.C14,小二 男童 學校 主任 綁 椅子,
M.1745027972.A.91B,"幹 
 
 不會 玩   參加 救難 訊號 幹嘛 
 
 馬的  10幾   貓 
 
 連續 兩 場 
 
 不會 玩 到底 進來 幹 拉 
 
 救南 信號   集會 躺 

 懂 ? 


--",
M.1744988504.A.201,"覺得 韓國 女生 偏 性感 
 
 帶有 騷氣 
 
 日本 風俗店 種 
 
 應該 經驗 
 
 兩 國家 女生 
 
 比較 玩 
----
Sent  from",
M.1744962580.A.9C1,"弟弟 悉尼 留學 
 
 想 悉尼 弟弟 
 
 之後 想 北極 拔草 
 
 ? 

 掛 ? 

 校長 大調查 ?",
M.1744978210.A.2A9,"肥宅 晚餐 吃 10 盎司 霜降牛 菜盤 週邊 吃 飽 
 
 火鍋 吃完 之後 吃 巧克力 牛奶 雪花 冰 +oreo+20 塊 煉乳 
 
 晚餐 吃 八卦板 PR 大概 


--",
M.1745038937.A.4AB,"吼 
 肥宅 
 老婆 菲律賓 表哥 表妹 
 最近 14 天 免 簽證 台北 旅遊 
 
 行程 台北 101 觀景台 參觀 
 老婆 陪 一起 
 交代 一定 幫忙 出 101 門票 錢 
 面子 
 
 想 想 門票 種 東西 應該 最多 1 2百 
 上網 查 發現 票價 真是 不得了 貴 
 
 國籍 居留證 420 元 
 外國 旅客 600 元 
 
 台北 101 觀景台 門票 太 貴 
 搶 錢 


--",
M.1744987936.A.DA6,"題 
 建樹 
 50-60年代 十 建設 
 後面 雪隧 
 想 問問 十 堪 上面 等級 建樹 
----
 Sent  from",
M.1745036961.A.E61,"覺得 奇怪 
 
 便衣 抓錯 
 發現 之後 
 長官 道歉 載 回家 
 
 
 根本 躲 後面 敢 
 長官 搞不好 學弟   凹 善後 
 
 大街 威風凜凜     做錯 事 承擔 縮頭烏龜 
 扛 責任 膽子 敢 便衣 警察 
 
 有種 道歉 
 
 不要 躲 背後 
 笑 敢 

--",
M.1744984537.A.EA4,"肥 臺南 工作 
 隨便 看看 住 地方 吃 
 嚇一跳 
 評價 不錯 
 密度 超 高 
 真是 興奮 
 身歷其境 抵擋 住 變 胖 
 八卦 
 話說 臺南 滿滿 能量 
 衝勁 感覺 
 其實 8 加 9 
 
--",
M.1744992999.A.EB2,"知道 物理界 Top3 公認   愛  牛   麥
 緊追 
 
 薛丁格 貓 
 
 海森堡 測 準 原理 
 
 狄拉克 方程 
 
 位 妥妥 排 3-10 名 
 剛好 1920年代 發表 理論 
 量子 力學   現代 物理 巨大 貢獻 
 
 位 偉大 排名 
 沒 八卦 

----- 
 Sent  from JPTT  on  my  iPhone 

--",
M.1745037483.A.82D,"川普 關稅戰   中國 企業 現 放假 倒閉潮 
 
 大紀元 2025年 04月 17日 訊 大紀元 記者 夏松 駱亞 顧曉華 採訪 報導 美 關稅戰 愈 
 演 愈 烈 中國 外貿 行業 遭遇 巨大 壓力 電子 產品 進口 企業 忙著 漲價 囤貨 出口 
 企業 訂單 驟 減 貨物 積壓 面臨 停工 放假 壓縮 工時 局面 紡織品 行業 出 
 現 倒閉潮 

 分析 指 美 雙邊 貿易 基本 中斷 中國 之外 迅速 代替 紡織品類 產品 崩潰 關稅 
戰 必然 重傷 中國 經濟",
M.1745030385.A.18F,"到底 4/26 提 家伙 百 百 臥底 到時候 上去 綠 靠腰 426 死 阿
 陸 名正言順 以後 KMT 講 不會 鐵 藍 信 草營 想 幫忙 幫 
 RIP  國民黨 RIP 中華民國 RIP 台灣 


--",
M.1744966166.A.B25,"大奶 絕對 比較   不要 傻 
 
 結婚 前 交 大奶 小奶 2     總共 4 
 
 明明白白   徹徹底底 覺悟   結婚 真的 找 奶大 
 
1 . 奶子 主動 退讓 爭執 
 
2 . 奶子 消火 
 
3. 奶子 很多 糾紛 平息   有助於 婚姻 
 
 
 小奶   講 馬上 懂 
 
 摸 小奶  摸 男生 胸膛 沒 差別   真的 無趣 
 
 小奶 通常 沒 肉   做愛 起來 真的 騷勁   女人 前凸 後翹 好看 
 
 太 瘦 撞 久 痛   老司機 懂   私密處 腹腔 常常 撞到 痛   撞 骨頭 
 
 簡諧 運動 需要 彈性 載具   大奶 通常 肉   尤其 臀部 豐腴   過程 一來一往 實在 過癮 
 
 實施 周公 禮   抓 脂肪 拉 頭髮 奶子 甩 
 
 實在 找 出 世界 美麗 歡愉 事 
  
 
 
 奶子 無限 追 
 
 阿宅 加油   嘻嘻 
 
 有時候 夫妻 吵架   冷戰   常常 想 想 
 
   想 想   想開   吵   懂 懂 

 
--",
M.1744967286.A.7B8,"1 . 媒體 來源 : TVBS

2 . 記者 署名 : 記者   藍于洺 /  攝影   鍾德榮   報導",
M.1745038091.A.94C,"肥宅 中國 流浪 
 剛剛 看到 招聘 
 中國 找 茶 藝師 
 月薪 開 9500 rmb 約 4.1萬 台幣 
 
 幹 
 台灣 手搖飲 店長 死 做活 3萬多 
 店員 慘 
28K 客人 北   冰 冰 
 
 證據",
M.1744991057.A.058,"4 
 
 強 高中生 RAY

 美國 
 
 走 路 堆 黑人 找 合照 
 
 美國 黑人界 吃 開 ? ? 

 八卦 ? ? 

--",
M.1745024776.A.04B,"川皇 希望 藉由 烏 簽署 美 烏 礦產 協議 調停 俄 烏 戰爭 近期 準備 簽約 
可4 今早 盧比歐 俄烏 調停不了 美國 考慮 放手 哇操 簽約完 簽 鬼 
約 美國 484 想 白嫖 卦 否 

--",
M.1745042390.A.A6B,"題 
 
 想 問 一下 
 
 塔羅牌 占卜 準 
 
 常見 說法 宇宙 相關 
 
 說法 
 
 知道 ? 



--",
M.1745035909.A.864,"抓到 堆 敵國 潛伏 國內 刺探 情報 間諜 
 
 
 關到 鼠 敵國 交換 



--",
M.1744997136.A.14F,"不止 通常 西方人 面孔 
 
 份 工作 老外 薪水 高出 台人 截 
 
 抱怨 東亞 台灣 旅館 貴 
 
 老外 嫌 東亞 島國 台灣 旅館 貴 

--",
M.1744972464.A.859,"買賣 東西 錢 
 
 現在 美國 單方面 講 
 美國 貿易 不能 賺錢 
 
 拉高 關稅     幫忙 買 美債 
 買 美國貨     升值 
 想要 日本 圍堵 中國 
 
 看到 右手 發炎 流膿 
 醫生 喊 左手 截肢     幫忙 醫 右手 
 醫 右手 條件 保持 右手 發膿   一直 住院 
 死 死 在乎 
 醫院 有錢 收     醫院 再次 偉大 
 
 必要 進 家 醫院 
 

 次 關稅 到底 想 談 東西 
 談 掏空 台灣 身家 ? 

 掏完 台積電 掏 聯電     台灣 剩 ? 

--",
M.1744968906.A.14F,"講到 林北 爽 

 直接 圖",
M.1745038265.A.5DF,共諜案 頻傳   國防部 中共 利用 5 管道 4 手法 全面 滲透,
M.1745034654.A.2B1,"中南部 拜 媽祖 信仰 
 前 兩 廟宇 
 大甲 鎮瀾宮 
 白沙屯 拱天宮 
 
 台灣 文化 台灣島 生出來 
 不必 中
 有無 八卦 
 
--",
M.1744983609.A.6D5,"媽 長輩 
 頭髮 變長 
 想 帶 髮廊 試試 
 完全 沒 髮廊 
 知道 消費 模式 算 玩法 
 
 男生 簡單 
 快 剪 100 元   投 鈔票 進去 
 吐 張 紙   沒 問題 
 
--",
M.1744966546.A.89A,"對照 國 內戰 

 1948 
 蔣介石 壓錯 寶   杜魯門 當選 總統 
 
 急轉直下 

 1949/8/5 發布 中美 關係 白皮書 
 批評 國民黨 腐敗 無能   宣布 中止 軍事 援助 
 美國 無關 

 1950/1/5 
 杜魯門 宣布 不會 介入 台灣 事務 


 現在 烏克蘭 好像 複製 段 歷史 
 
 已經 演 集 

--",
M.1745015135.A.61B,"吉卜賽人 偷 小孩 
 
 雨果 小說 巴黎 聖母院 鐘樓 怪人 裡面 
 
 愛絲梅拉達 偷走 小孩 
 
   妓女 母親 雙 紅鞋 
 
 後來 愛絲梅拉達 小心 吉卜賽人 偷走 
 
 妓女 母親 性情 大變   痛恨 吉卜賽人 
 
 後來 妓女 母親 轉職 修女 
 
 天 母親 奉 副主教 命   監禁 愛絲梅拉達 
 
 愛絲梅拉達 拒絕 副主教 感情   副主教 死 
 
 母親 竟 憑藉 紅鞋 證物   女兒 愛絲梅拉達 相認 
 
 天   愛絲梅拉達 拖 刑場 絞死 
 
 母親 原本 愛絲梅拉達 藏 好好 
 
 沒 想 愛絲梅拉達 犯 花癡   愛上 軍官 弗比斯  跳出來 抓到 
 
 軍官 弗比斯 拖 刑場 
 
 母親 哭 死 活   相認 天   面對 女兒 死亡 
 
 後來 愛絲梅拉達 絞死 
 
 副主教 頂樓 欄杆 旁 看到 發出 魔鬼 般 笑聲   愛 死 
 
 加西莫多 喜歡 愛絲梅拉達   看到 副主教 幸災樂禍   推下去 摔死 
 
 加西莫多 大喊 : "" 兩 愛 ! ! "" 
 
 副主教 收養   敬愛 副主教 
 
 後來 加西莫多 愛絲梅拉達 屍體 抱   藏身 地窖 
 
 以後   發現   白骨 
 
--",
M.1745042138.A.1C7,"網路 堆 水 日本 旅遊 
 種 講 廢話 時長 10 分鐘 
 3 -5萬 觀看 
 
josh 次 30 城市 
 國人 熟 美國 
 種 素材 隨便 水上 百 部 影片 

---- 
 Sent  from",
M.1744992711.A.7E7,"備註 放 後面   違者 新聞 文章 刪除 

1 . 媒體 來源 :",
M.1745019317.A.682,"臺灣 新竹 地方 法院 刑事 裁定 　　　　　　　106年度 訴 字 第581 號  　　　　　　　　　　　
　　　　　　　 106年度 聲 字 第1149 號 
 
 公 　 訴　人 　 臺灣 新竹 地方 法院 檢察署 檢察官 
聲　 請　人   　 　告　 洪東榮 
 選任 辯護人 　 財團 法人 法律 扶助 基金會 林輝豪 律師 
 
 上列 聲請人 被告 偽造 文書 案件 檢察官 提起公訴 105 年度 偵字 第10307   號 第10
308  號 第10309  號 第10310  號  106 年度 偵字 第556  號 第557  號 第558  號 第559 
  號 第64 94 號 前 院 羈押 在案 茲 延長 羈押 暨 聲請 停止 羈押  院 裁定 
 主  文",
M.1744966448.A.F54,"轟 蔣萬安 沒 腦 曝 倒閣 4 超 慘 下場 完全 划算 笨 
 
 T VBS

 編輯   王雅惠   報導 
 
 台北市長 蔣萬安 昨 （17） 晚 赴 北檢 響應 國民黨 主席 朱立倫 號召 戰 獨裁 抗議 行動 
 突 開 第一 槍 喊出 倒閣 呼籲 立院 推動 倒閣 逼迫 總統 賴清德 解散 國會 重選 立刻 掀起 
 朝野 熱議 前立委 蔡正元 認為 蔣萬安 實在 沒 腦 揭 倒閣 4 超 慘 下場 直 呼 完全 划 
 算 笨 
 
 蔣萬安 拋出 倒閣 蔡正元 （18） 臉書 狠 批 倒 閣 沒 腦筋 政治 思考 
 認為 主張 倒閣 應 先 想清楚 提出 4 下場 蔡正元 倒閣 改選 國會 
 賴清德 換掉 卓榮泰 國民黨 民眾黨 立委 改選 桶 雞腿 換 塊 雞
 屁股 完全 划算 笨 
 
 蔡正元 提到 倒閣 立法院 空窗 60 天 完全 立法委員 立委 助理 立
委 辦公室 服務處 賴清德 愛 幹什麼 幹什麼 在野黨 想不到 賴清德 
 笨 提議 
 
 第三 蔡正元 表示 民眾黨 賴清德 整肅 氣 弱 游絲 現在 全面 改選 民眾黨 席次 立刻 減半 
 國民黨 在野黨 席次 減到 過半 主張 倒閣 蔣萬安 政治 路 
 跟著 結束 質疑 需要 賭 種 把戲 
 
 蔡 正元 提到 倒閣 改選 罷免 差別 罷免 不能 接受 政治 現金
 罷免 國民黨 立委 糧草 不繼 籌集 糧草 責任 朱立倫 盧秀燕 韓國 
瑜 侯友宜 蔣萬安 張善政 責任 不要 佔著 高位 光說不練 加油",
M.1744983807.A.C54,"有道是 謊 狗娼 心 路人皆知 
 分區 師父 跪 
 一點 民意 基礎 
 不用 怕 罷免 
 舔好 舔滿 師父 高枕無憂 
 難怪 平常 講話 囂張 
 想 當初 差點 罷免掉 
 台灣 幫 提高 罷免 門檻 
 現在 台灣 恩將仇報 
 種 畜牲",
M.1744966951.A.29B,"剛剛 看到 差點 咬
 下面 留言 種 搖 尾巴 不會 咬人 
 真 假 
 
 種 搖 尾巴 默默 撲過來 咬人 ? 
 
 有沒有 判斷 狗 玩 咬 八卦 ? 

--",
M.1744966046.A.912,"美國 轟炸機 
 
 台灣 中共 佔領 
 
 美國 肯定 出手 夷為平地 
 
 台 編隊 出發 滿 彈 炸 
 
 台灣 大概 多久 平   八卦 
 
--",
M.1745020759.A.235,1 . 媒體 來源 :,
M.1744965813.A.C98,弟弟 家 貓,
M.1745030063.A.61B,"鬼 
 喜歡 惡作劇 
 喜歡 變臉 
 
 天 路人 丟 紙屑 
 砸到 腳 
 痛 死定 
 
 暗喻 
 Sent  from  Meow Ptt  on  my  i Phone 


--",
M.1744959077.A.2AB,"群 支持 詐騙 挺 
 
 賴 最近 更新 防 詐 功能 
 
 詐騙 鎖 帳號 
 
 功能 上線   詐騙 鎖 帳號 
 
 群 支持 詐騙 跑去 抗議 
 
 抓 詐騙 之前 詐騙 沒 嚴重 
 
 可能 沒 多久 之後 反 詐 功能 拿掉",
M.1745000481.A.E01,"曹操 開場 猛 猛 挾 天子 令 諸侯 出生 其實 宦官 之後 
 
 宦官 當時 名聲 差 參考 十 常恃 人人 喊 
 
 曹操 崛起 歷經 心態 轉變 瓦注 巧 鉤注 憚 黃金注 殙 


 早期 積 名聲 屁顛顛 跑去 參加 十八 路 諸侯 討 董 大會 想 落水狗 
 
 遇到 董卓 底下 小將 曹操 剩 批 馬 只好 灰溜溜 笑笑 投 袁紹 
 
 曹操 兵 敗 沒 包袱 繼續 摸摸 鼻子 扶框 漢室 


 後來 當上 兗州 刺史 位置 太 妙 劉表 袁術 夾攻 曹操 左右 看看 
 
 先 挑 軟 柿子 陶謙 吃 出兵 前 學乖 先 守好 腰 便 派 夏侯惇 荀彧 留守 
 
 曹操 有點 飄 殺 話 邊讓 殺 滿 門 搞 同樣 兗州人 

 陳宮 張邈 心 裡 發毛 乾脆 說服 呂布 一起 判 曹 
 
 陳宮 + 呂布 組合 有點 猛 搞 曹操 老家 快 丟 只好 放棄 嘴 肉 回 防 
 
 呂布 方 缺 糧 潰逃 後來 呂布 誠信 黑 歷史 太多 陳宮 救 回來 
 
 下坯 戰 部下 內叛 傅於 曹操 最終 殺 呂布 死 自作孽 
 
 曹操 根據地 答應 幫 陳宮 養 妻子 ? 不能 輕易 認輸 認真 守 


 最後 曹操 官渡 戰 打敗 袁紹 取得 北方 統一 問題 家 大業 大

 冀州 兗州 內部 互相 掣肘 曹 丞相 壓 太 住 只好 先 安 壤外 

 南方 採 保守 防禦 策略 病逝 前 沒 發動 統一 戰爭 
 
 滿 手 黃金 晚年 曹操 已經 瓦片 賭命 梟雄 


 袁術 世 公 滿 開局 取得 傳國 玉璽 想 稱帝 死 不會 死 袁氏 滅 團 
 
 曹操 猛 開局 背景 設定 沒 選好 選到 宦官 慘 玩 過程 一路 背 刺 偷家 
 
 曹操 硬是 操 作 扛 過去 收掉 馬 呂布 一步步 取得 黃金 段位 令 佩服 


--",
M.1745040583.A.0E8,"高雄 執政 老是 吹 高雄 起飛 
 
 高雄 警察 房東 地痞 流氓 黑道 廣播 工廠 
 
 副 無視 法律 規矩 態度 
 
 全 世界 城市 經濟 起飛 

 正經 居民 無視 法律 驕傲 
 城市 起飛 經濟 
 
 整 座 城 習慣 無法無天 
 觀光 起飛 城市 滿滿 扒手 
 沒 見 扒手 不用 偷偷摸摸 
 光明正大 直接 走 覺得 正常 
 高雄 種 文化 教育 
 未來 成為 文明 城市 
 無法無天 中央 計劃 資源 建設 真的 進步 
-----
Sent  from JPTT  on  my  iPhone 

--
                      奴性 種 神奇 東西 
   孳生出 紅色 綠色 藍色 組織 設置 人民 選舉 民主 建立 重要 規則 
    取代 藍色 組織 紅色 綠色 創造 新 口號 改 條 重要 規矩 
 
 奴隸 感受到 自由 平等 圍剿 質疑 紅色 綠色 打成 藍色 色 
   世界 奴隸 總是 創造 萬惡 源 自卑 顯得 自信 不會 出錯 幻想 
 
--",
M.1744987723.A.06E,"時代   種 自以為是 老師 ? 
 小孩 8+9 
 成績   重要 ? 
 現在 社會 堆 犯罪 主謀   台大 高學歷 
 之前 詐騙 機房 囚禁   主謀 藍道  台大 
 
 讀書 責任 義務   種 屁話 輪 老師 講 
 要不要 孩子 打造成 高學歷 菁英   家長 決定   老師 
 
 領 家長 付 學費 薪水   販賣 知識 勞工 
 不要 覺得 太 高尚 
 
--",
M.1744980787.A.EFB,"

 小弟 業餘 基因 觀察家 
 
 基因 人類 載體 
 
 真正 永生 基因 
 
 生 老病 死 苦 基因 手段 

蛤 豈有此理 

--",
M.1744970679.A.3E0,"川普 撐不住 ?   方 壓力 齊   可能 降低 中國 關稅 


 Newtalk 新聞   李志良",
M.1744986037.A.73C,"警察 應該 學 女友 老爸 
 
 當年 老婆 犯人 挾持 
 
 槍 射 犯人 
 
 射 老婆 腿 走不動 
 
 犯人 拖 走 變 麻煩 
 
 老婆 放 
 
 犯人 逮捕 
 
 真是 太 聰明 !",
M.1745000498.A.D1A,"突然 負債 人生 紮實   天 忙著 還債   時間 不知不覺   非常 非常 紮實 
 
 一直 瞎忙   賺錢   還債   債務 還清 瞬間   回憶 一下 過去 段 苦日子 累人 
 
 好像 當兵 回憶 薄 張 紙 

 種 突然 負債 案例 詐騙 受害群 看過 很多 突然 騙 負債 好幾百萬 

 信貸 房貸 錢 丟進去 繳 保證金 領出 獲利 肉包子 狗 
 
 真的 辛苦 

--",
M.1745021612.A.9D6,"
 
 醫院 
 
 右 腳踝 MRI",
M.1745028165.A.A26,"聽說 國軍 飛彈 兵源 不足 
 可能 沒 操作 ... . . 
 很多 國軍 訓練 刺刀術 ? 
 請問 國軍 訓練 符合 現代 戰爭 原因 ? 
1. 上級 長官 以前 東西 教 
2. 現代 武器 少 
3. 打混摸魚 
4. 資源 配置 錯誤 
5. 國防部長 懂 

--",
M.1744966591.A.A84,"小學 選 班長 
 票數 最多 班長 
 老師 
 民主 決定 
 
 次 選 模範生 
 次 鼓掌 
 比較 大聲 
 當選 模範生 
 
 雙標仔 談 民主 
 雙標仔 民主 ~~~~~~~~~~~~ 

--",
M.1744986982.A.80D,"乳提 
 阿肥 今天 吃 早餐 台女 閒聊 
 覺得 店 裡 阿姨 帥哥 過譽 
 臉 車銀優 算的上 帥哥 
 以前 沒 聽說 藝人 
 想   敢 城 武 臉
 查 還好   估 狗 嚇一跳 
 女生   想 肛 
 輩子 積 陰德 
 輩子 帥成 
油卦 嘻嘻 
----- 
 Sent  from",
M.1744978474.A.605,題,
M.1745040925.A.630,"之前 宴客 
 老婆 想 住 新 房
 忍痛 背 6萬 房貸 
 本來 老婆 登記 名下 
 幸好 堅持 住 
 老婆 突然 想 登記 
 難道 錯 
 
--",
M.1744970473.A.51B,"不好意思 地方 聽到 事情 說法 敢 真相 確定 

 簡單 喜傑獅 辦 活動 讚 抵 元 

 後來 活動 響應 熱烈 可能 喜傑獅 覺得 虧 趕緊 終止 活動 

 終止 活動 收單 活動 入口 關閉 

 聽 喜傑獅 官方 之前 收單 賣 發 知 真假 收到 聲 
 
 網路 發現 入口 關閉 利用 IP 直 方式 

 繞過 活動 入口 直接 開啟 頁面 訂單 
 yo叔 ? 

 現在 喜傑獅 後面 利用 繞過 入口 直接 開啟 頁面 下單 算數 
 知道 為啥 打官司 後面 訂單 執意 喜傑獅 出貨 

 知道 上面 正不正確 真 帶 風向 



--

         身為",
M.1744971524.A.791,"小妹 快 笑死 
 
 種 抗議 
 
 白天 拍拍照 
 
 晚上 回家 睡覺 
 
 怕 
 
 小妹 家 房間 抗議 
 
 吹 冷氣 洗澡 
 
 舒服 
 
 嘻嘻 

--",
M.1745026101.A.357,"1 . 媒體 來源 : 自由 

2 . 記者 署名 : 記者 徐聖倫 ／ 新北 報導 

3. 完整 新聞 標題 : 百億 洗錢 集團 首腦 竟是 女生   2 半 賺 億 元 黨羽 近 百 

4 . 完整 新聞 內文 : 

 新北市 警局 刑警 大隊 去年 底 今年 2月 執行 移 4 波 斬 金 行動 
 警方 逮捕 一共 開出 73 張 拘票 80 移送法辦 15 通緝 洗錢 集團 美樂 公司 負
 責人 24 歲 女子 歐俞彤 經手 金額 過億 不法 所得 近 億 警方",
M.1744966133.A.2A2,"現在 YT 常常 推播 中國 喜劇 
 感覺 台灣 節目 梗 太多 
 
 剛 看到 IG 脫口秀 
 老公 全職 炒 股 喜劇 演員 
 兩 搞笑 
 
 玩 股票 渣男 
 全職 炒 股 賠錢 以後 發現 主動 早餐 
 打掃 整理 送 太太 出門 
 
 太太 出事 兩 腿 不見了 
 抱 股票 不離不棄 
 自我 鼓勵 重新 長 回來 

 
 認同 
 沒 八卦 

--",
M.1744975957.A.3E4,"4X 常常 喜歡 裝 可愛 
 遇到 問題 可愛 女生 帶過 
 精神 鑑定 報告 
 證明 心理 認定 女性 
 除去 甲 喜歡 肛屁眼 
 生理 本質 男性 雞雞 敢 切 現在 反對 免 術跨 理由 
 男同 同志 之前 基本盤 男性 
 尤其 男 同志 很多 傳統 男性 為主 社會 長大 本質 仇 女 很多 欸 
 
 攝影機 到處 拍 直 播出去 完全 尊重 肖像權 一點 法治 概念 
 
 前 陣子 犯法 肉搜 資訊 直接 公開 社群 台灣 譴責 韓國 霸凌 4X 不遑多讓 
 
 
 間接 害死 倒是 驕傲",
M.1744969662.A.99D,"藥神 前 電影 
 
 真人真事 改編 
 
 內容 藥廠 吸血 
 
 老百姓 救 錢 買 藥 印度 學名藥 
 
 後來 成為 英雄 
 
 部份 藥 良好 改革 
 
 事情 發生 台灣 
 
 當時 高端 

--",
M.1744985865.A.73B,"1. 媒體 來源 : 
 今日 新聞 

2 . 記者 署名 : 
 記者 施以慧 ／ 綜合 報導 

3. 完整 新聞 標題 : 
 安心亞 控 男 按摩師 性騷 手 摸 大腿 內側 矛盾 喊 舒服 不對勁 


4. 完整 新聞 內文 : 
 女星 安心亞 近年 戲劇 歌唱 表現 相當 亮眼 綜藝 節目 同學 擔任 主持 
人 豈料 一向 開朗 安心亞 近期 竟 節目 自爆 遭到 疑似 性騷擾 事蹟 曝光 曾
 男性 按摩師 按摩 大腿 內側 感到 十分 矛盾 好像 有點 太 對勁 舒服 
 

 同學 新 集 主題 漂亮 性感 活該 騷擾 公布 匹 狼 主持人 安
心亞 節目 自爆 體驗 按摩 疑似 男性 按摩師 性騷擾 滿 
 舒服 之後 有點 舒服 快 睡著 按到 大腿 覺得 好像 
 有點 太 對勁 舒服 

 位 主持人 阿KEN 喊道 問題 妳 舒服 安心亞 急忙 解釋 
 舒服 有點 舒服 摸到 大腿 內側 尷尬 喊道 不行 
 位置 太 高 阿KEN 立刻 請教 旁 律師 遇到 種 
 狀況 舒服 心 裡面 覺得 怪怪 

 律師 簡大為 解答 覺得 心亞 講到 狀況 其實 很多 當事人 遇到 兩難 
 根本 知道 算 算 騷擾 種 狀況 妳 講 直言 觀察 
 反應 妳 觀察 反應 『 』 問題 
",
M.1745039060.A.FD2,"常常 YT 講 日本 沒落 城市  ex . 夕張 
 
 政策 改變 沒落   像是 產 煤   礦坑   類 

PTT 版 曾經 紅 
 
 後來 慢慢 GG

 舉例 

share 版   版權 問題 太 分享 GG 

 笨版   曾經 熱門 當成 真正 joke 版 如今 沒 

DC版   因應 數位 相機 手機 取代   成 鬼版 
 
mentalk  變成 圈圈版 正式 死去 

WOW  遊戲 紅 


 沒 八卦 

--",
M.1745018125.A.D01,剛剛 Threads 看到,
M.1745041231.A.531,"先 罷免掉 解釋 
 先 毀 租約 解釋 
 
 民主 
 罷免 
 
 覺得 爽 滾蛋 
 
 罷免 
 不能 毀 租約 
 
 民主 
 租約 

--",
M.1745034791.A.357,"關新路 看到 不少 30 歲 少婦   穿著 短褲   腿 蠻 白 
 
 竹科仔 老婆 素質 差   敢 露 怕 
 
 竹科 回收   少婦 蠻 正 

--",
M.1745034024.A.C21,"早上 剛 起床 大概 8 - 9點 
 原本 想 廁所 
 先 聽到 小聲 講話 
 透過 簾子 縫 
 瞥見 對面 下方 床
 兩 身子 辦事 
 尿意 越來越 強 
 果斷 拉開 簾子 
 步入 眼前 畫面 
 令 久久 不能自己",
M.1744989186.A.5BE,"先   噁心 
 
 四叉貓 噁心   見仁見智 
 
 覺得 好奇 
 
 台灣 現在 四叉貓 噁心 
 
 沒 八卦 
 

--",
M.1745033865.A.340,"其實 檢察官 早 行之有年 
 
 出示 搜索票 可能 “ 小心 ” 拿錯 
 
 拿到 隔壁 鄰居 家 日期 建議 仔細 分辨 
 
 畢竟 檢察官 忙 工作 小心 有點 疏漏 拿到 搜索票 正常 
 
 絕對 蓄意 
 
 拘票 差不多 概念 
 
 檢察官 可能 問 要不要 “ 自願 ” 配合 調查 怕 場面 好看 
 
 真的 拘票 “ 可能 ” 走 上銬 建議 自願 
們 走 
 
 相信 檢察官 絕對 不會 平白無故 恐嚇 老百姓 
 
 肯定 可惡 罪犯 程序 卡住 偉大 檢察官 
 

--",
M.1745020727.A.093,總,
M.1744979718.A.A66,"川普 烏俄 和談 看起來 破滅 
 
 當初 24 小時 停戰 變 笑話 
 
 加上 關稅 政策 反反覆覆 
 
 有時候 強硬 沒 多久 縮掉 
 
 川普 威信 沒 
 
--",
M.1744967947.A.3C5,"大陸 工作 台幹  aka   舔 共仔 
 大陸 喜劇 B站 YT 
 覺得 中國 喜劇 成功 共同 特性 貼近 生活 
 總 想到 生活 遇到 狀況 搞笑 呈現出來 
 想不到 方式 有機 結合 
 加上 劇本 演技 硬   最後 笑果 
 很多 演員 本來 科班 出生   狽總 以前 導演   李宗恒 以前 春晚 編劇 
 短 影音 更是 降維 打擊 
 
 台灣 小時候 喜劇   鐵獅 玉琳龍   瘋神無雙   阿忠 布袋戲 
 現在 依然 好笑 
 現在 台灣 喜劇 問題   YT 主導 呱吉 博恩 幫 台北人 
 永遠 演來 演去 台北 年輕人 都市 生活 台女 國外 約砲 經驗 
 再不然 硬 臭 中國 屬於 圈子 get 屬於 圈子 習慣 覺得 
 好笑 
 特色 帥哥 種 風格 真正 傳播到 全 台灣 local 笑點 
 
 台灣 現在 喜劇 不行 夠 貼近 大眾 生活 一直 炒 爛 哏 

--",
M.1744969685.A.9CD,"阿肥 
 
 天 川普 失敗 
 
 逃難 台灣 領地 
 
 〓 . 〓",
M.1744971340.A.79E,,
M.1745034951.A.733,"午安 
 
 去年 信用 管制 
 
 今年 房市 冷清 爆 辣 
 
 買 房 特別 第二 戶 根本 打死 
 
 剩 首購 新 青安 活 
 
 妥妥 買 房 市場 
 
 今年 買 房 
 
 應該 喊 折 


--",
M.1745021543.A.365,"高雄 工作   中午 休息 想 洗澡 健身 
 
 想 入 健身房 會員 
 
 發現 高雄 健身 工廠 世界 好幾 家 分店 
 
 入會員 分店 
 
 考慮 館長 成吉思汗   家 
 
 家 健身房 會員 價格 差不多 
 
 成吉思汗 健身房 沒 競爭力 
 
 難 存活 
 
 木有 卦 


-----
Sent  from JPTT  on  my  iPhone 

--",
M.1744980601.A.348,"對話 內容 警察 林菌鹽 檢察官 學 
 
 事 妳 認罪 證據 妳 瘦瘦 妳 

 吸毒 妳 承認 試試 官威 

 

--",
M.1745030903.A.AAB,"人數 不能 理由 
 肚子 吃 飽 理由 
 
 才華 
 吃 飽 還不是 餓死 
 
 重要 
 台灣人 
 問 看看 魯
 看看 知道 
 看看 鄉民 知道 
 需要 問 
 那麼多 魯蛇 贏 
 
 還好 中國人 
 贏 麻",
M.1745042422.A.A62,"

 小弟 業餘 體味 觀察家 

 夏天 悶熱 

 同仁 困擾 

 主管 宣布 做好 體味 管理 

 須知 必須 注意 

蛤 

--",
M.1745041316.A.D6A,"階 看起來 2X:2 
 
 賴 一定 解散 國會 
 階 沒 地區 重選 顏色 
 加上 分區 達到 2016 狀況 太 難 
 
 綠營 拚 看看 罷免 選區 辦法 複製 2020 狀況 比較 容易 
 差 席 搞不好 賴多 次 沒 過半 沒辦法 正常 施政 
 畢竟 罷免 立法院 種 行為 造成 講 順理成章 
 
 罷掉 重選 沒 立委 席次 空窗期 ? 
 期間 白 + 藍 少 2X 席 ?",
M.1745036038.A.E45,剛剛 推特 看到   蠻 可愛 妹子,
M.1744969111.A.F8D,"拜託 祭 止兀 不要 笑話 
 
 40% 民意   VS  60% 民意 
 
 倒閣 民進黨 席次 少 不會 
 
 更何況 整 倒行逆施 司法 迫害 

 40% 低 可能 剩 30% 立委 重選 剛好 民進黨 認清 現實 
 
 支持 倒閣 ! 

--",
M.1745023229.A.EF9,"養 台 國產車   買 iphone  
 偶爾 吃 饗饗   旭集 
ㄧ 出國 兩 次 
 最後 存下 10幾萬 
 報怨 低薪 比較 心態 
 事實 很多 花 這麼多",
M.1744958356.A.C84,"路口 喔 



 看到 行人 跨越 路面 邊線 白線   走上 車道 
 
 看樣子 跨越 雙黃線 走來 
 
 種   臨停 路 
 
 快步 ? 
 
 單車道   容易 距離 少於 公尺 行人 跑 
 
 停下來   後面 車 追撞   倒楣 ? 
 
 種 題 解   最近 遇到 實在 超 爽 
 
 檢舉 倒楣 
 
--",
M.1744986900.A.2FB,"惡龍 纏鬥 久 成為 惡龍 

 凝視 深淵 久 深淵 回 凝視 

—— Friedrich   Wilhelm   Nietzsche 
 
 弗里德里希 威廉 尼采 善惡 彼岸 第四 章   箴言 間奏曲 


 權利 腐敗 金錢 崇拜 利益 鞏固 血脈 


 當初 勇者 可能 獲得 權力 資源 之後 成為 惡 龍 般 存在 


 有沒有不要 挑戰 人性 遇到 種 誘惑 經不起 挑戰 八卦 



--",
M.1744965979.A.7E6,"科學家 角度   巨乳 現代 確實 不一定 佔 優勢   古代 嬰兒 奶粉 喝 
 巨乳   多餘 奶水 喝   發育 比較 不良   女生 發育 慢 
 以後 奶子 長   男生 發育 慢   以後 gg 長 粗 沒 女友   代 代 遺傳 下來 
 變成 巨乳 遺傳 優勢   喜歡 巨乳 男生 容易 代   成為 顯性 基因 
 21世紀   科學家 牛奶 發明 嬰兒 奶粉   足夠 營養 嬰兒 喝 
 也就是說 貧乳 美女   出 大奶 gg 後代   不會 遺傳 競爭 劣勢 
 現代人   崇尚 巨乳 風氣 隨之 轉變   篇 文章 出現   朋友 
 潛意識 已經 覺得 巨乳 第一   人妻 O L   現代 社會   人妻 O L 
 繁殖 優勢   話題",
M.1745036921.A.041,"以前 假日 八卦版 廢文 超 超 好笑 
 現在 
哇
 文章 流量 越來越 少 欸 
 難道 開放 菜逼巴 註冊 
 八卦 
-----
Sent  from  JPTT  on  my  iPhone 

--",
M.1745021605.A.946,"隔壁 阿義   打架 
 次 竟是 王 老師 
 原因 王 老師 罵 老爸 流氓 
 老爸 警察 欸 
 
 現在 阿義 老爸 來到 學校 
 王 老師 面 
 警察 流氓   
 警察 流氓 
 
   





----- 
 Sent  from  JPTT  on  my   Samsung  SM-F7410 . 

--",
M.1744972552.A.997,"TVBS 新聞 
 
 泰 74 歲 比丘尼 遭 19 歲 沙彌 性侵 未遂 　 摀嘴 推倒 強迫 A片 

 編輯   廖國安   報導 
 發佈 時間 2025/04/18 15:35
 最後 更新 時間 2025/04/18 18:11 

 泰國 烏汶府 名",
M.1745036989.A.DA8,"美國 爸爸 硬 起來 
 
 關稅戰 打到 阿共仔 瑟瑟 發抖 
 
 國內 趁機 揪出 共諜 
 
 順便 罷免掉 中共 同路人 
 
 操作 
 
 阿共仔 應該 不會 打過來 
 
 放心 睡覺 


 八卦",
M.1744983578.A.7DF,"好奇 黃國昌 總統 重選 藍綠 立委 答應 重選 好了 
 
 目前 狀況 藍白 推 能夠 得票數 賴神 高 
 
 韓導 盧秀燕 蔣萬安 黃國昌 認為 1 1 PK 贏 
 
 現在 藍白 合作 贏不了 總統 
 
 所謂 總統 重選 最後 白忙 場 
 
 倒閣 比較 選擇 適任 立委 換 閣揆 換人 

--",
M.1745038454.A.347,"題 
 最近 
 長 聽到 老店 熄燈 停業 
 停業 沒 新 店 進駐 
 家 裡 附近 陸續 掛 出售 牌子 
 最近 出租 店面 / 賣 房 越來越 
 沒 八卦 


--",
M.1745018091.A.978,"看起來 抄 死人 名單 抓 
 
 抄 死人 名單 嚴重 好幾百 倍 
 
 自製 連署書 
 
 辦 
 
 八卦 

--",
M.1744978924.A.0A1,"身為 法律 科 廢廢
 沒 解釋 
 所謂 司法院 說明會 東西 
 法律 位階 
 說明會 做成 結論 法律 效力 
 司法院 內部 行為 釋憲 申請 成案 進行 討論 
 
 司法院 想 硬 幹 釋憲 
 法律 釋憲 行為 
 基本 已經 違法 

---- 
 Sent  from",
M.1744986874.A.3FC,"今天 吃 築間 火鍋 
 知道 白飯 
 碗 20 塊 
 
 種 半 自助 火鍋 
 通常 白飯 放 桶 隨便 吃 
滷汁 隨便 加 
 
 為啥 白飯 滷肉飯 
 摳
 吃 火鍋 碗 白飯 夠 配 阿
蛋 隨便 
米 貴 東西 
 
 築 間 火鍋 白飯 吃到 飽 八卦 ? ? ? 

--",
M.1745031283.A.9D6,"台灣 民主 創作 題材 設限 非常 自由 
 創作 文創 輸 
 問題 答案 
 太 可能 主流 想法 
 
 台灣 地理 尺度 區域 太 
 導致 心理 距離 相對 
 心理 距離 感覺 摯肘 
 
 台灣人 青年 時代 學生 時代 
 擔心 話 
 聽到 
 台灣人 具有 種 天然 內心 自我 審查 
 
 台灣 距離 實在 太 擠 
 國家 沙漠 一望無際 草原 終年 下雪 高山 能夠 看到 
 大海 
 種 區域 種 包含 五湖四海 
 民族 50 民族 國民 
 發言 講話 傷害到 遠 千 裡 之外 族群 


 
 台灣 小孩子 看法 必須 忍讓 
 女性 看法 必須 尊重 
 貓貓狗狗 看法 必須 愛護 寵愛 
 電扶梯 站 必須 捷運站 規定 
 公車 座位 做法 博愛座 老人 座 隨便 
 世界 美國 歐洲 先進 國家 
 民主 共產 


 種種 遇到 價值觀 人生觀 世界觀 已經 小小 島嶼 磨合出來 套 不會 
 大眾 網路 出征 想法集 Mi ndset 
 自然 無法 想像 題材 喜歡 虐待 貓狗 小說 電影 具有 尊重 女性 情節 小說 電影 
 公車 博愛座 隨意 亂 坐 情節 小說 電影 愛 民主 情節 小說 電影 
 台灣人 
 創作 遊戲 動漫 小說 電影 劇本 短劇 舞台劇 雙人 相聲 單口 相聲 詩詞 藝術 佈
景 
 
 內心 不斷 瘋狂 自我 審查 XD",
M.1745008484.A.234,"剛剛 看到 推文 
 
 隻 貓 跑去 藍營 鬧場   潑水 已經 算 客氣 
 同樣 情況 跑去 綠營   早 打死 
=> 合理化 潑水 暴行 
 
????????????????????????????????????????????? 
 
 台灣人 民主 思維 ???????????????????????????????? 
 
 整 黑人 問號 ㄟ
 
 照理   應該 譴責 暴力 ? ? 

 潑水 應該 譴責   打死 應該 譴責   ? ? 

 分成 兩 陣營 
 
 暴行 比較 重   暴行 比較 輕 原諒 ? ? 
 
 鬧場   潑 水 沒關係 ? ? 
 
 看到 女生 闖紅燈   強姦 ? ? 
 
 想起 廢死 聯盟 苗博雅 句 話 : "" 死刑 完美 東西   人類 不配 擁有 "" 
 
 民主 
 
 或許 民主 東西 
 
 台灣人 不配 擁有 ... 
 
 覺得 台灣 民主 ... 
 
 根本 狗屎 ... 

--",
M.1744979033.A.1A8,"外送員 變 外送師 
 
 物流員 變 物流 管理師 
 
 汽車 修理工 變 車輛 修護師 
 
 超商 店員 比較 適合 師 字輩 稱呼 


--",
M.1745026793.A.76C,日本 經濟 再生 大臣 赤澤亮 正 川普 談判 照片 剛 流出來,
M.1745029667.A.CA5,"程昱 勇 謀 智 勇 雙全 
 
 類似 周瑜 種 親自 前線 帶兵 打仗 智將 

 曹操 徐州 呂布 趁機 偷襲 曹操 大本營 兗州 剛 投靠 曹操 程昱 拼命 守住 兗州 東 阿城 池
 

 幫助 曹操 解決 缺 軍糧 問題 

 劉備 投靠 曹操 精準 判斷 劉備 未來 曹操 大患 勸 曹操 殺 劉備 
 
 曹操 聽 後來 劉備 天下 蜀漢 一直 魏國 

 官渡 戰 程昱 帶 700 幫忙 守住 甄城 

 官渡 戰 曹操 一起 袁潭 程昱 袁潭 百 戰 百勝 
 
 之後 程昱 曹操 冷落 程昱 主動 交出 兵權 閉關 十幾 建安 18年 曹操 撤除 官
 職 回家 

 曹丕 皇帝 官 復 原職 
 
 程昱 勇 謀 曹操 忠心 
 
 曹操 突然 重用 程昱 

--",
M.1745009480.A.C5A,"現在 台灣 搞 罷免   大成功   大請客 
 
 立法院 高中生 搞 件 事 
 
 上班族 翹班 搞 
 
 旗幟   場地   文宣   人員   通通 錢 
 
 好奇 錢 
 
 總 不可能 學生 出 
 
 低薪 上班族 功德 志工 
 
 爸爸 媽媽 有錢 
 
 天 爸媽 錢 參加 罷免 活動 
 
 搞 學生 好好 上課 
 
 上班族 好好 上班 
 
 真的 棒 
 
 反對 老師 老闆 一定 中共 同路人 
 
 直接 抓到 批鬥 真的 太 可惡 
 
 支持 罷免 
 
 打倒 地主 創 輝煌 

-----
 Sent   from JPTT  on  my  Xiaomi 2201116 SG.

--",
M.1744987981.A.5F6,"犯罪 得罪 賴清德 朱立倫 呼籲 426 凱道 
 
 中時 新聞網   丁世傑   中時   林郁平 


 抗議 檢調 偵辦 幽靈 連署 辦 藍 辦 綠 聲援 國民黨 台北市 黨部 主委 黃呂錦茹 4 國
民黨 主席 朱立倫 繼 昨日 號召 民眾 戰 獨裁 台北 地檢署 前 抗議 （18） 下午 再度 
 號召 群眾 晚上 8點 站出來 戰 獨裁 反 綠 持續 守護 民主 

 朱立倫 晚間 10時 抵達 愛國西路 博愛路 路口 意見 表達 表示 很多 沒 聽 涉嫌 
 偽造 文書 竟然 收押 全 台灣 南 北 搜索 收押 賴清德 差 步 宣布 戒嚴 
 犯 罪 得罪 賴清德 
 
 朱立倫 台灣 民主 已經 30 陳水扁 蔡英文 賴清德 總統 不到 天 
鬥 在野黨 鬥 反對 反對 賴清德 通通 抓起來 想要 收押 
 
 朱立倫 直言 台灣 民主 十字路口 勇敢 站出來 必須 戰 獨裁 未來 台
灣人 賴清德 機會 福國利民 事情 台灣 打拚 尤其 關稅戰 賴清德 鬥 
野黨 搞 大罷免 
 
 心情 沉重 天 安寧 質疑 服從 賴清德 支持 民進黨 
罪 關 起來 沉默 民眾 炸 受不了 
 
 朱立倫 呼籲 凱道 已經 變成 責任 台灣 未來 裡",
M.1744989607.A.483,"親戚 上校 服役 滿 20 退伍 

 上校 部隊 應該 神 套房 廁所 阿兵哥 清 
 
 保全 顧 門口 習慣 
 
 有無 八卦 
 
--",
M.1744963513.A.D96,"台中 逢甲 西屯路 兩 間 開 對面 打對台 
 
 間 
 
U G 茶  八曜 茶  常常 排隊 
 
 沒 卦 


--",
M.1745032971.A.924,"曹賊 213年 送 女兒 漢獻帝 
 
 漢獻帝 30 出頭 
 整 天 沒 事 
 應該 曹賊 女兒 瘋狂 做愛 
 
 史書 好像 沒 寫 小孩 
 有的話   男 
 曹賊 外孫 立為 太子 
 
 大漢 不會 滅亡 

--",
M.1744985921.A.AB9,"欣賞 蔣萬安 
 完全 熱血 市長 政治 人物 
 台灣 幾乎 出現 種 熱血型 政治 人物 
 
 黨 執政 城市 示威 
 勇於 參加 
 
 市政 無關 國政 
 敢 勇於 發言 
 
 支持 立場 
 無法 否認   成年 
 保有 青春 熱血 
 
--",
